ci_question_id,module,version,grade,stream,section,question_type,bloom_level,question_stem,option_a,option_b,option_c,option_d,option_e,correct_option,weightage,time_secs,career_cluster_map,difficulty,is_behavioral,adaptive_trigger,explanation
APG11PCM_CA_01,APTIPATH,V3,GRADE_11_12,PCM,CORE_APTITUDE,MCQ,ANALYZE,"Dataset of student scores: 45 62 78 84 91 55 73 84 67 84. The MODE of this dataset is:","72.3","78","84","73","N/A","C",3,60,"CORRECT=STATISTICS+DATA_SCIENCE","MEDIUM",FALSE,"BOOST_ANALYTICAL","Mode = most frequently occurring value = 84 (appears 3 times). Mode vs Mean vs Median are fundamental statistical measures used in data science and research."
APG11PCM_CA_02,APTIPATH,V3,GRADE_11_12,PCM,CORE_APTITUDE,MCQ,APPLY,"How many 4-digit numbers can be formed using digits 1 2 3 4 5 if no digit is repeated?","60","100","120","125","N/A","C",4,75,"CORRECT=COMBINATORICS+ANALYTICAL","MEDIUM",FALSE,"BOOST_STEM","Permutation = 5 × 4 × 3 × 2 = 120. The number of ordered arrangements of 4 from 5 distinct digits. Combinatorics is essential in algorithms and probability."
APG11PCM_CA_03,APTIPATH,V3,GRADE_11_12,PCM,CORE_APTITUDE,MCQ,ANALYZE,"If α and β are roots of x² - 5x + 6 = 0 then α² + β² equals:","11","13","15","25","N/A","B",5,90,"CORRECT=ALGEBRA_ADVANCED+PCM","HARD",FALSE,"BOOST_STEM+PCM","By Vieta: α+β=5 and αβ=6. α²+β² = (α+β)² - 2αβ = 25 - 12 = 13. This technique is fundamental in JEE Advanced algebra."
APG11PCM_CA_04,APTIPATH,V3,GRADE_11_12,PCM,CORE_APTITUDE,MCQ,APPLY,"Sum of geometric series 1 + 2 + 4 + 8 + ... up to 10 terms is:","511","1022","1023","2046","N/A","C",4,75,"CORRECT=SERIES_MATH+PCM","HARD",FALSE,"BOOST_STEM","S = a(rⁿ-1)/(r-1) = 1×(2¹⁰-1)/(2-1) = 1024-1 = 1023. Geometric series appear in compound interest algorithms and signal processing."
APG11PCM_CA_05,APTIPATH,V3,GRADE_11_12,PCM,CORE_APTITUDE,MCQ,ANALYZE,"If log₂(x) = 5 then log₄(x) equals:","2","2.5","5","10","N/A","B",4,75,"CORRECT=LOGARITHMS+PCM","HARD",FALSE,"BOOST_STEM","x = 2⁵ = 32. log₄(32) = log₄(4^(5/2)) = 5/2 = 2.5. Alternatively: log₄(x) = log₂(x)/log₂(4) = 5/2. Logarithms are the foundation of information theory."
APG11PCM_CA_06,APTIPATH,V3,GRADE_11_12,PCM,CORE_APTITUDE,MCQ,EVALUATE,"Annual revenue data (crores): 2020=100 2021=120 2022=115 2023=140 2024=130. The MOST accurate statement is:","Revenue grew consistently every single year without exception","Revenue showed an overall upward trend with two temporary dips","Revenue peaked in 2021 and has been consistently falling","Revenue is completely random and unpredictable","N/A","B",5,90,"CORRECT=DATA_INTERPRETATION+BUSINESS","HARD",FALSE,"BOOST_ANALYTICAL","Trend analysis: 100→120→115→140→130. Overall trend is upward (net +30) but not monotonic. Identifying trends vs noise is core to data analytics and finance."
APG11PCM_CA_07,APTIPATH,V3,GRADE_11_12,PCM,CORE_APTITUDE,FILL_BLANK,APPLY,"In an arithmetic progression (AP) with first term 7 and common difference 3 the 15th term is ___","49","46","52","42","N/A","A",4,60,"CORRECT=AP_MATH+PCM","MEDIUM",FALSE,"BOOST_STEM","aₙ = a + (n-1)d = 7 + (14)×3 = 7 + 42 = 49. AP formulae are fundamental in sequences and used in algorithm complexity analysis."
APG11PCM_CA_08,APTIPATH,V3,GRADE_11_12,PCM,CORE_APTITUDE,MCQ,ANALYZE,"Two dice are rolled. The probability of the sum being exactly 7 is:","1/4","1/6","1/12","1/3","N/A","B",4,75,"CORRECT=PROBABILITY+DATA_SCIENCE","MEDIUM",FALSE,"BOOST_STEM","Favourable outcomes: (1,6)(2,5)(3,4)(4,3)(5,2)(6,1) = 6. Total outcomes = 36. P = 6/36 = 1/6. Probability is the mathematical foundation of machine learning."
APG11PCM_CA_09,APTIPATH,V3,GRADE_11_12,PCM,CORE_APTITUDE,MCQ,APPLY,"The slope of the line passing through points (2,3) and (4,7) is:","0.5","1","2","4","N/A","C",3,60,"CORRECT=COORDINATE_GEOMETRY+ENGINEERING","MEDIUM",FALSE,"BOOST_STEM","Slope m = (y₂-y₁)/(x₂-x₁) = (7-3)/(4-2) = 4/2 = 2. Slope is the visual representation of rate of change — fundamental to calculus and gradient descent in ML."
APG11PCM_CA_10,APTIPATH,V3,GRADE_11_12,PCM,CORE_APTITUDE,MCQ,ANALYZE,"For dataset: 10 12 14 16 18 — if we add 5 to EVERY value the standard deviation will:","Increase by 5","Increase by 25","Remain exactly unchanged","Double","N/A","C",5,90,"CORRECT=STATISTICS+DATA_SCIENCE","HARD",FALSE,"BOOST_ANALYTICAL","Standard deviation measures spread around the mean. Adding a constant to all values shifts the mean equally — the spread is unchanged. A crucial concept in data normalization."
APG11PCM_CA_11,APTIPATH,V3,GRADE_11_12,PCM,CORE_APTITUDE,MCQ,ANALYZE,"The derivative of f(x) = 3x² + 5x - 2 with respect to x is:","6x + 5","3x + 5","6x + 5 - 2","3x² + 5","N/A","A",4,75,"CORRECT=CALCULUS+ENGINEERING+PCM","MEDIUM",FALSE,"BOOST_STEM+PCM","Using power rule: d/dx(3x²) = 6x and d/dx(5x) = 5. So f'(x) = 6x + 5. Differentiation is the backbone of optimization in machine learning and physics."
APG11PCM_CA_12,APTIPATH,V3,GRADE_11_12,PCM,CORE_APTITUDE,MCQ,ANALYZE,"If 2^x = 16 then 2^(x/2) equals:","2","4","8","16","N/A","B",4,75,"CORRECT=EXPONENTIAL_ALGEBRA+TECH","MEDIUM",FALSE,"BOOST_STEM","2^x = 16 = 2^4 so x = 4. Then 2^(x/2) = 2^2 = 4. Exponential manipulation is core to algorithm complexity (Big O notation) and cryptography."
APG11PCM_CA_13,APTIPATH,V3,GRADE_11_12,PCM,CORE_APTITUDE,MCQ,ANALYZE,"∫x·eˣ dx using integration by parts equals:","x·eˣ + C","eˣ(x-1) + C","eˣ/x + C","x·eˣ - x + C","N/A","B",5,120,"CORRECT=INTEGRATION+ENGINEERING+PCM","HARD",FALSE,"BOOST_STEM+PCM","Integration by parts: ∫u·dv = u·v - ∫v·du. Let u=x dv=eˣ dx. Then v=eˣ du=dx. Result = x·eˣ - ∫eˣ dx = x·eˣ - eˣ + C = eˣ(x-1) + C."
APG11PCM_CA_14,APTIPATH,V3,GRADE_11_12,PCM,CORE_APTITUDE,MCQ,EVALUATE,"A researcher finds students who study 8+ hours/day score LOWER than those who study 6 hours/day. This most likely suggests:","Students should always study less","There is likely a diminishing returns or burnout effect — quality matters more than raw hours beyond an optimal point","The researcher made a fundamental error in the study","Students studying 8+ hours are less intelligent","N/A","B",5,90,"CORRECT=CRITICAL_REASONING+RESEARCH","HARD",FALSE,"BOOST_REASONING","Optimal study time follows an inverted-U curve (Yerkes-Dodson law). Beyond peak cognitive performance hours burnout reduces quality and retention."
APG11PCM_AC_01,APTIPATH,V3,GRADE_11_12,PCM,APPLIED_CHALLENGE,SITUATIONAL,EVALUATE,"5 months to JEE Main. Mock scores: Physics 60% Chemistry 55% Math 75%. Daily study: 8 hours. Optimal time allocation:","Equal 2h40min for all 3 subjects","Math 3h (maintain strength) Chemistry 3h (largest gap) Physics 2h with focused revision cycles","Spend all 8 hours only on Chemistry until it improves","Study whatever feels interesting that day","N/A","B",5,90,"A=EQUAL;B=STRATEGIC_ALLOCATION;C=TUNNEL_FOCUS;D=RANDOM","HARD",TRUE,"BOOST_ANALYTICAL+EXAM_STRATEGY","Strategic allocation: invest heavily in highest-growth subject (Chemistry 15% gap) while maintaining strength in Math and revising Physics. Total = 8h."
APG11PCM_AC_02,APTIPATH,V3,GRADE_11_12,PCM,APPLIED_CHALLENGE,SITUATIONAL,EVALUATE,"You discover that a senior student's published research project contains data that appears fabricated. You would:","Ignore it — it is their responsibility not yours","Confront the student privately without any documentation first","Report your specific observations and concerns to the faculty advisor with evidence","Immediately post about it on social media to expose the fraud","N/A","C",5,90,"A=BYSTANDER;B=CONFRONTATIONAL;C=FORMAL_EVIDENCE;D=PUBLIC_EXPOSURE","HARD",TRUE,"BOOST_RESEARCH+LAW","Research misconduct requires formal reporting through proper channels with documented evidence. Social media exposure can harm reputation without due process."
APG11PCM_AC_03,APTIPATH,V3,GRADE_11_12,PCM,APPLIED_CHALLENGE,SITUATIONAL,APPLY,"Designing a bridge for a 10-tonne truck on a 30m span with Rs.5 lakh budget. Your FIRST design decision should be:","Choose the most aesthetically appealing bridge style","Determine the structural load distribution and select the most efficient geometry (arch truss or suspension)","Select the cheapest available materials to maximize budget","Build a physical model immediately and test iteratively","N/A","B",5,90,"A=AESTHETIC_FIRST;B=STRUCTURAL_ENGINEERING;C=COST_FIRST;D=PROTOTYPE_FIRST","HARD",TRUE,"BOOST_ENGINEERING","Structural analysis precedes material selection and costing. Arch distributes compression loads. Truss uses triangulation. Suspension uses tension cables. Load path first."
APG11PCM_AC_04,APTIPATH,V3,GRADE_11_12,PCM,APPLIED_CHALLENGE,SITUATIONAL,EVALUATE,"Your JEE study app data: 70% of users quit after Day 1. What is the MOST critical insight to act on first?","App needs better graphics and UI animations","Onboarding fails to demonstrate value fast enough — the Day 1 experience must be completely redesigned","The practice questions are too difficult","Students need more social and gamification features","N/A","B",5,90,"A=VISUAL;B=ONBOARDING_CRITICAL;C=DIFFICULTY;D=SOCIAL","HARD",TRUE,"BOOST_TECH+PRODUCT","Day 1 retention is the most critical product metric. 70% quit means most users never experience the core value. Redesign the first-time user experience."
APG11PCM_AC_05,APTIPATH,V3,GRADE_11_12,PCM,APPLIED_CHALLENGE,SITUATIONAL,ANALYZE,"An AI system gives lower college application essay scores to first-generation students compared to elite school students with similar content quality. The CORE problem is:","The first-generation students need to improve their writing","The AI was trained on essays from elite institutions creating systematic bias against non-traditional writing styles","AI essay scoring is inherently reliable and unbiased","Students should adopt elite writing styles","N/A","B",5,90,"A=STUDENT_DEFICIENCY;B=AI_BIAS;C=AI_TRUST;D=ADAPTATION","HARD",TRUE,"BOOST_AI_ETHICS+SOCIAL","Training data bias is a systemic AI fairness issue. When AI learns from elite-institution data it encodes existing privilege as a quality signal."
APG11PCM_AC_06,APTIPATH,V3,GRADE_11_12,PCM,APPLIED_CHALLENGE,SITUATIONAL,EVALUATE,"A chemical plant must reduce effluent BOD (Biological Oxygen Demand) by 80% to meet environmental standards. The MOST sustainable engineering solution is:","Dilute the effluent with river water before releasing it","Install a 3-stage biological wastewater treatment system with continuous monitoring and compliance reporting","Release effluent only at night to reduce the chance of regulatory detection","Pay environmental fines and continue current operations as-is","N/A","B",5,90,"A=DILUTION_NOT_SOLUTION;B=ENGINEERING_TREATMENT;C=UNETHICAL;D=COMPLIANCE_AVOIDANCE","HARD",TRUE,"BOOST_GREEN+ENGINEERING+CHEMICAL","Biological wastewater treatment (aerobic/anaerobic stages + filtration) is the standard engineering solution for BOD reduction. Dilution merely spreads harm."
APG11PCM_AC_07,APTIPATH,V3,GRADE_11_12,PCM,APPLIED_CHALLENGE,SITUATIONAL,ANALYZE,"Experiment results: Before intervention μ=45 σ=12. After intervention μ=62 σ=15. The MOST accurate interpretation is:","The intervention was 100% effective for all students equally","Average score improved significantly but variance increased — some students benefited much more than others","The increase in standard deviation means the intervention actually failed","This data is insufficient to draw any conclusions","N/A","B",5,90,"A=OVERSIMPLIFIED;B=CORRECT_STATISTICAL_INTERPRETATION;C=MISUNDERSTANDS_SD;D=OVERLY_CONSERVATIVE","HARD",TRUE,"BOOST_RESEARCH+DATA_SCIENCE","Mean increase (+17) shows overall improvement. SD increase (+3) shows differential benefit — heterogeneous effect. This nuanced interpretation is research-level thinking."
APG11PCM_AC_08,APTIPATH,V3,GRADE_11_12,PCM,APPLIED_CHALLENGE,SITUATIONAL,EVALUATE,"Deepfake technology creates convincing fake videos of public figures. As a future technologist your MOST responsible position is:","Build the most realistic deepfakes possible — technology itself is always neutral","Develop detection tools alongside creation tools and advocate for universal watermarking standards","Recommend banning all deepfake research everywhere permanently","Allow only government agencies access to deepfake technology","N/A","B",5,90,"A=NEUTRAL_TECH_MYTH;B=RESPONSIBLE_DEVELOPMENT;C=BAN_ALL;D=MONOPOLY","HARD",TRUE,"BOOST_AI_ETHICS+TECH","Responsible AI development requires dual-use thinking: for every creation tool build a detection counterpart. Watermarking (C2PA standard) is the industry direction."
APG11PCM_AC_09,APTIPATH,V3,GRADE_11_12,PCM,APPLIED_CHALLENGE,MCQ,APPLY,"Two resistors R₁=6Ω and R₂=3Ω are connected in PARALLEL. Their equivalent resistance is:","9Ω","4.5Ω","2Ω","1Ω","N/A","C",4,75,"CORRECT=PHYSICS_CIRCUITS+ENGINEERING","HARD",FALSE,"BOOST_STEM","1/Req = 1/R₁ + 1/R₂ = 1/6 + 1/3 = 1/6 + 2/6 = 3/6 = 1/2. Therefore Req = 2Ω. Parallel resistance is fundamental to electronics circuit design."
APG11PCM_AC_10,APTIPATH,V3,GRADE_11_12,PCM,APPLIED_CHALLENGE,SITUATIONAL,EVALUATE,"You receive both IIT Bombay CS and a fully-funded CS scholarship at a top German university. Your decision framework should be:","Always choose IIT Bombay — Indian brand recognition is unbeatable","Always choose Germany — foreign degrees always outrank Indian ones","Evaluate based on your 10-year goal: India-focused startup or industry career → IIT; global research or international career → Germany","Flip a coin — both outcomes are identical in value regardless of your goals","N/A","C",5,90,"A=BRAND_BIAS;B=FOREIGN_BIAS;C=GOAL_BASED;D=PASSIVE","HARD",TRUE,"BOOST_CAREER_MATURITY","Career-aligned decision making: IIT placement network is strongest in India. German degree opens European/global research doors. Goal determines optimal choice."
APG11PCM_AC_11,APTIPATH,V3,GRADE_11_12,PCM,APPLIED_CHALLENGE,SITUATIONAL,EVALUATE,"India's power grid wastes 22% of electricity in transmission losses. As an electrical engineer which intervention has the HIGHEST system-wide impact?","Run public awareness campaigns asking people to use less electricity","Deploy HVDC (High-Voltage Direct Current) transmission lines for long distance and smart grid technology for real-time load optimization","Build more power plants to compensate for transmission losses","Install more electricity meters at consumer endpoints","N/A","B",5,90,"A=DEMAND_SIDE_ONLY;B=ENGINEERING_SYSTEMS;C=SUPPLY_NOT_EFFICIENCY;D=METERING_ONLY","HARD",TRUE,"BOOST_ENGINEERING+GREEN","HVDC reduces resistive losses by 30-40% over AC for long-distance transmission. Smart grid enables load balancing. This addresses root cause not symptoms."
APG11PCM_AC_12,APTIPATH,V3,GRADE_11_12,PCM,APPLIED_CHALLENGE,SITUATIONAL,EVALUATE,"A COVID-19 exponential growth model predicts 10 million cases in 30 days. After 15 days actual cases are 20% lower than predicted. The correct response is:","Trust the original model completely — reality will eventually catch up to it","Update the model parameters (growth rate transmission factors) using the new observed data and revise predictions","Declare the entire model useless and stop all mathematical modelling immediately","Report the lower actual cases as evidence the model was successful","N/A","B",5,90,"A=MODEL_RIGID;B=BAYESIAN_UPDATING;C=NIHILIST;D=MISREPRESENTATION","HARD",TRUE,"BOOST_RESEARCH+DATA_SCIENCE","Bayesian model updating: when new data diverges from predictions update model parameters. All models are wrong but updated models are more useful."
APG11PCM_IW_01,APTIPATH,V3,GRADE_11_12,PCM,INTEREST_WORK,RANK_ORDER,N/A,"Within engineering and tech which specialization genuinely INTERESTS you most? Rank 1 (most) to 5 (least):","Computer Science and Artificial Intelligence/Machine Learning","Electronics and Embedded Systems/Robotics","Mechanical Engineering and Manufacturing/Automotive","Chemical and Process Engineering/Materials","Civil and Infrastructure Engineering","PREFERENCE",0,120,"A=AI_TECH;B=ELECTRONICS_ROBOTICS;C=MECHANICAL_AUTOMOTIVE;D=CHEMICAL_GREEN;E=CIVIL_INFRASTRUCTURE","N/A",TRUE,"STREAM_SPECIALIZE","Within PCM this rank determines engineering branch recommendation. This is the most critical specialization signal for career cluster assignment."
APG11PCM_IW_02,APTIPATH,V3,GRADE_11_12,PCM,INTEREST_WORK,LIKERT,N/A,"I would strongly prefer a tech startup with equity potential over a stable government PSU job with guaranteed security","1 - Strongly prefer PSU/stability","2 - Slightly prefer stability","3 - No preference between them","4 - Slightly prefer startup","5 - Strongly prefer startup with equity","PREFERENCE",0,30,"4-5=ENTREPRENEUR+RISK_TAKER;1-2=SECURITY+STABILITY_SEEKER","N/A",TRUE,"BOOST_ENTREPRENEUR","Risk appetite at Grade 11-12 predicts startup vs corporate vs government career preference. Neither is superior — alignment matters."
APG11PCM_IW_03,APTIPATH,V3,GRADE_11_12,PCM,INTEREST_WORK,LIKERT,N/A,"I find the mathematics behind AI — linear algebra calculus and probability — genuinely beautiful not just useful","1 - Not at all like me","2 - A little like me","3 - Somewhat like me","4 - Mostly like me","5 - Very much like me","PREFERENCE",0,30,"4-5=MATH_DEEP+AI_RESEARCH+PhD;1-2=APPLIED_CODING","N/A",TRUE,"BOOST_RESEARCH+AI","Mathematical beauty appreciation is a strong signal for pure research and academic track. Applied coders care about functionality not mathematical elegance."
APG11PCM_IW_04,APTIPATH,V3,GRADE_11_12,PCM,INTEREST_WORK,CARD_SORT,N/A,"Sort into: CAREER dream / Interesting HOBBY / Not for me at all:","Conducting research at an IIT or IISc laboratory","Building a tech product from scratch as a co-founder","Working as embedded systems engineer at ISRO or DRDO","Leading large infrastructure projects (dams airports highways)","Trading and building FinTech applications for financial markets","PREFERENCE",0,120,"A=RESEARCH_ACADEMIC;B=ENTREPRENEUR_TECH;C=ELECTRONICS_SPACE;D=CIVIL_INFRA;E=FINTECH","N/A",TRUE,"SPECIALIZE","Career vs hobby distinction reveals true ambition. ISRO/DRDO signals public sector tech path. FinTech = PCM + Finance hybrid."
APG11PCM_IW_05,APTIPATH,V3,GRADE_11_12,PCM,INTEREST_WORK,LIKERT,N/A,"I would rather build a product used by 1 billion people than publish 100 research papers that advance scientific knowledge","1 - Strongly prefer research impact","2 - Prefer research","3 - Value both equally","4 - Prefer product impact","5 - Strongly prefer product scale","PREFERENCE",0,30,"4-5=PRODUCT_INDUSTRY;1-2=RESEARCH_ACADEMIC","N/A",TRUE,"BOOST_TECH_PRODUCT","Product vs research orientation determines industry vs academic track within any engineering branch."
APG11PCM_IW_06,APTIPATH,V3,GRADE_11_12,PCM,INTEREST_WORK,RANK_ORDER,N/A,"Which career in tech excites you MOST for the 2030-2040 era? Rank 1 (most) to 5 (least):","Leading AI research at a top global lab (DeepMind OpenAI or IISc)","CTO of a successful Indian unicorn startup","Robotics engineer at ISRO or India's defence research organizations","Renewable energy systems engineer designing India's power grid","Cybersecurity architect protecting critical national infrastructure","PREFERENCE",0,90,"A=AI_RESEARCH;B=TECH_LEADERSHIP_STARTUP;C=ROBOTICS_SPACE;D=GREEN_ENERGY;E=CYBERSECURITY","N/A",TRUE,"SPECIALIZE","Career archetype preference within PCM directly maps to engineering branch and company/organization type recommendation."
APG11PCM_IW_07,APTIPATH,V3,GRADE_11_12,PCM,INTEREST_WORK,LIKERT,N/A,"I enjoy reading research papers or technical documentation on new technologies in my own time purely out of curiosity","1 - Not at all like me","2 - A little like me","3 - Somewhat like me","4 - Mostly like me","5 - Very much like me","PREFERENCE",0,30,"4-5=TECH_INTRINSIC+RESEARCH+PhD;1-2=APPLIED_INDUSTRY","N/A",TRUE,"BOOST_RESEARCH","Voluntary technical reading is the clearest research aptitude signal at Grade 11-12. It indicates intrinsic intellectual drive that sustains a PhD or deep-tech path."
APG11PCM_IW_08,APTIPATH,V3,GRADE_11_12,PCM,INTEREST_WORK,LIKERT,N/A,"Solving a problem no one has ever solved before excites me far more than building efficient solutions to known problems","1 - Strongly prefer building known solutions","2 - Prefer established problems","3 - Like both equally","4 - Prefer novel discovery","5 - Strongly prefer unsolved problems","PREFERENCE",0,30,"4-5=RESEARCH_INNOVATION+PhD;1-2=ENGINEERING_IMPLEMENTATION+INDUSTRY","N/A",TRUE,"BOOST_RESEARCH","Novel problem orientation is the research PhD signal. Engineering implementation orientation is the industry engineering signal. Both are high-value."
APG11PCM_VM_01,APTIPATH,V3,GRADE_11_12,PCM,VALUES_MOTIVATION,RANK_ORDER,N/A,"For your engineering career at age 30 rank what you MOST want (1) to LEAST want (4):","Highest possible salary — Rs.50 LPA or more","Working on technology that transforms how billions of people live","Academic recognition — papers conferences international awards","Building your own technology company from the ground up","N/A","PREFERENCE",0,90,"A=INDUSTRY_HIGH_PAY;B=TECH_IMPACT;C=RESEARCH_ACADEMIC;D=ENTREPRENEUR","N/A",TRUE,"CLUSTER_DETECT","Career aspiration hierarchy at Grade 11-12 in PCM: A→FAANG/consulting B→product/deep-tech C→PhD/research D→startup founder."
APG11PCM_VM_02,APTIPATH,V3,GRADE_11_12,PCM,VALUES_MOTIVATION,SITUATIONAL,ANALYZE,"You get IIT Bombay (top choice). Your best friend gets NIT. You feel:","Pure joy — you earned this and feel great about it","Guilty — your success might damage the friendship","Anxious about whether you can maintain the relationship with this gap","Immediately think about how you can help your friend prepare for GATE to close the gap later","N/A","SIGNAL",4,60,"A=CONFIDENT_ACHIEVER;B=EMPATHETIC_GUILT;C=SOCIALLY_ANXIOUS;D=COLLABORATIVE_SUPPORTIVE","MEDIUM",TRUE,"MINDSET_DETECT","Response reveals emotional intelligence profile. D (collaborative helper) correlates with leadership and teamwork orientation. A is confident self-attribution."
APG11PCM_VM_03,APTIPATH,V3,GRADE_11_12,PCM,VALUES_MOTIVATION,LIKERT,N/A,"I genuinely believe India can become a global technology leader by 2035 and I personally want to contribute to making that happen","1 - Strongly disagree","2 - Somewhat disagree","3 - Neutral","4 - Somewhat agree","5 - Strongly agree","PREFERENCE",0,30,"4-5=NATION_BUILDER+INDIA_CAREER;1-2=GLOBAL_ASPIRANT+FOREIGN_EDUCATION","N/A",TRUE,"INDIA_VS_ABROAD","Nation-building orientation strongly predicts preference for India-based career path. Global aspirants should be shown international career roadmaps."
APG11PCM_VM_04,APTIPATH,V3,GRADE_11_12,PCM,VALUES_MOTIVATION,LIKERT,N/A,"I am willing to work 70+ hours per week in my 20s if it means achieving something truly extraordinary in my career","1 - Not at all — work-life balance is non-negotiable","2 - Probably not","3 - Maybe for the right opportunity","4 - Yes for a significant goal","5 - Absolutely — I will do whatever it takes","PREFERENCE",0,30,"4-5=HIGH_GRIND+STARTUP+RESEARCH+CONSULTING;1-2=BALANCE+ESTABLISHED_COMPANY+TEACHING","N/A",TRUE,"BOOST_STARTUP","Grind tolerance at Grade 11-12 predicts startup research consulting track. Low scorers are better suited to established companies with structured hours."
APG11PCM_VM_05,APTIPATH,V3,GRADE_11_12,PCM,VALUES_MOTIVATION,SITUATIONAL,EVALUATE,"Your 5-year goal after graduating from IIT. Which do you choose?","Join Google Microsoft or Goldman Sachs to maximize your starting salary package","Join an IIT spinout deep-tech startup with equity working on real innovation","Go abroad for MS or PhD at MIT Stanford or ETH Zurich","Stay in India and launch your own technology company in your engineering domain","N/A","SIGNAL",5,90,"A=INDUSTRY_PRESTIGE;B=DEEP_TECH_STARTUP;C=ACADEMIC_GLOBAL;D=ENTREPRENEUR_INDIA","HARD",TRUE,"CLUSTER_SPECIALIZE","Each option maps to a distinct post-IIT track: A=MNC hire B=deep-tech C=research/global D=India startup. No wrong answer — pure career preference signal."
APG11PCM_VM_06,APTIPATH,V3,GRADE_11_12,PCM,VALUES_MOTIVATION,LIKERT,N/A,"I find it more satisfying to optimize and perfect an existing system than to invent something completely new from scratch","1 - Strongly prefer inventing new things","2 - Prefer novelty","3 - Value both equally","4 - Prefer optimizing existing systems","5 - Strongly prefer optimization and improvement","PREFERENCE",0,30,"4-5=IMPROVEMENT_ENGINEERING+INDUSTRY;1-2=INNOVATION_RESEARCH+INVENTOR","N/A",TRUE,"BOOST_ENGINEERING","Optimization vs invention is a key personality axis in engineering. Industry engineers (SWE SRE) optimize. Researchers inventors founders create new."
APG11PCM_LB_01,APTIPATH,V3,GRADE_11_12,PCM,LEARNING_BEHAVIOR,MULTI_SELECT,N/A,"Which resources have been MOST effective in your JEE preparation? Select ALL that apply:","NCERT textbooks as the conceptual foundation","HC Verma DC Pandey or Irodov for deep problem-solving practice","Video lectures from NPTEL Khan Academy or top YouTube educators","Solving past 10 years JEE papers for pattern recognition","Study groups with peers of similar or higher ability level","PREFERENCE",0,60,"A=SYSTEMATIC_FOUNDATION;B=DEEP_PRACTICE+STEM;C=CONCEPTUAL_VISUAL;D=EXAM_STRATEGIC;E=COLLABORATIVE","N/A",TRUE,"LEARNING_STYLE_DETECT","HC Verma/Irodov practice (B) is the strongest JEE success predictor. Past paper practice (D) reveals exam strategy orientation."
APG11PCM_LB_02,APTIPATH,V3,GRADE_11_12,PCM,LEARNING_BEHAVIOR,LIKERT,N/A,"After every mock test I carefully analyze each wrong answer to identify the exact conceptual gap before moving to new topics","1 - Not at all like me","2 - A little like me","3 - Somewhat like me","4 - Mostly like me","5 - Very much like me","PREFERENCE",0,30,"4-5=DEEP_ERROR_ANALYSIS+TOP_JEE_PREDICTOR;1-2=SURFACE_MOVING","N/A",TRUE,"BOOST_ACADEMIC+RESEARCH","Error analysis is the #1 differentiator between JEE Main qualifiers and JEE Advanced rank-holders. Deep diagnostic thinking also predicts research ability."
APG11PCM_LB_03,APTIPATH,V3,GRADE_11_12,PCM,LEARNING_BEHAVIOR,SITUATIONAL,ANALYZE,"Your JEE mock rank drops from 5000 to 8000. You respond by:","Panicking and completely overhauling your study plan overnight","Analyzing which sections caused the rank drop and adjusting focus while maintaining strong subjects","Attributing it to bad luck and continuing the same approach without change","Feeling demotivated and reducing daily study hours for a week","N/A","B",5,75,"A=REACTIVE_PANIC;B=DIAGNOSTIC_STRATEGIC;C=DENIAL;D=DEMOTIVATION","MEDIUM",TRUE,"BOOST_ANALYTICAL","Data-driven response to performance decline: diagnose → adjust → test. This is the scientific method applied to self-improvement."
APG11PCM_LB_04,APTIPATH,V3,GRADE_11_12,PCM,LEARNING_BEHAVIOR,LIKERT,N/A,"I sometimes practice problems well beyond exam requirements because the depth of understanding genuinely excites me","1 - Never — I only study what is needed for the exam","2 - Rarely","3 - Occasionally","4 - Often","5 - Always — I go deep because it is intrinsically rewarding","PREFERENCE",0,30,"4-5=BEYOND_EXAM_LEARNER+RESEARCH_APTITUDE;1-2=EXAM_FOCUSED","N/A",TRUE,"BOOST_RESEARCH","Going beyond the curriculum for intrinsic satisfaction is the clearest research and academic distinction signal at this stage."
APG11PCM_LB_05,APTIPATH,V3,GRADE_11_12,PCM,LEARNING_BEHAVIOR,LIKERT,N/A,"I maintain a consistent daily study schedule with specific hours allocated per subject even on days I feel unmotivated","1 - Not at all like me","2 - A little like me","3 - Somewhat like me","4 - Mostly like me","5 - Very much like me","PREFERENCE",0,30,"4-5=DISCIPLINED+JEE_PREDICTOR;1-2=INCONSISTENT+NEEDS_STRUCTURE","N/A",TRUE,"BOOST_ALL_COMPETITIVE","Daily consistency is the strongest single predictor of JEE success beyond raw intelligence. Consistent average beats brilliant inconsistent every time."
APG11PCM_LB_06,APTIPATH,V3,GRADE_11_12,PCM,LEARNING_BEHAVIOR,SITUATIONAL,EVALUATE,"A concept remains confusing even after watching 3 different explanations. You do:","Skip it and hope it does not appear in JEE","Return to the derivation from first principles and rebuild the concept from the ground up","Ask a friend to explain it in their own words","Memorize the formula without understanding and practice enough problems to spot the pattern","N/A","B",5,90,"A=AVOIDANCE;B=FIRST_PRINCIPLES+IIT_MINDSET;C=SOCIAL_LEARNING;D=ROTE","HARD",TRUE,"BOOST_RESEARCH+ENGINEERING","First-principles thinking is the defining characteristic of IIT-level intellectual ability. Richard Feynman: if you cannot derive it from basics you do not understand it."
APG11PCM_AIR_01,APTIPATH,V3,GRADE_11_12,PCM,AI_READINESS,MCQ,UNDERSTAND,"The algorithm used to minimize a model's loss function by iteratively adjusting weights in the direction of steepest descent is called:","Regularization","Gradient Descent","Overfitting","Data Augmentation","N/A","B",4,75,"CORRECT=ML_TECHNICAL+AI_ENGINEER","HARD",FALSE,"BOOST_AI_READINESS","Gradient Descent updates weights θ = θ - α∇L(θ) where α is learning rate and ∇L is the loss gradient. Foundation of all neural network training."
APG11PCM_AIR_02,APTIPATH,V3,GRADE_11_12,PCM,AI_READINESS,MCQ,ANALYZE,"A machine learning model achieves 98% accuracy on training data but only 61% on unseen test data. This problem is called:","Underfitting — model is too simple","High Bias — systematic error","Overfitting — model memorized training data instead of learning generalizable patterns","Data Leakage — training data contamination","N/A","C",4,75,"CORRECT=ML_OVERFITTING+AI_ENGINEER","HARD",FALSE,"BOOST_AI_READINESS","Overfitting: model learns noise and specifics of training data rather than the underlying signal. Fix: regularization dropout more training data simpler model."
APG11PCM_AIR_03,APTIPATH,V3,GRADE_11_12,PCM,AI_READINESS,MCQ,REMEMBER,"Which Python libraries are most commonly used for building and training deep neural networks?","Pandas and NumPy only","TensorFlow and PyTorch","Matplotlib and Seaborn","Flask and Django","N/A","B",3,45,"CORRECT=AI_TOOLS+TECH","MEDIUM",FALSE,"BOOST_AI_READINESS","TensorFlow (Google) and PyTorch (Meta) are the two dominant deep learning frameworks. PyTorch is preferred in research; TensorFlow in production deployment."
APG11PCM_AIR_04,APTIPATH,V3,GRADE_11_12,PCM,AI_READINESS,SITUATIONAL,EVALUATE,"Your team builds a loan approval AI for a rural microfinance bank achieving 92% accuracy. Before deployment you MUST:","Deploy immediately — 92% is industry-standard accuracy","Analyze accuracy broken down by gender income level and geography to detect systematic bias against any group","Train for 6 more months to achieve 99% accuracy before considering deployment","Replace the AI with simple manual rules to eliminate all risk","N/A","B",5,90,"A=PREMATURE_DEPLOY;B=FAIRNESS_AUDIT;C=PERFECTIONISM;D=AI_REJECTION","HARD",TRUE,"BOOST_AI_ETHICS+HEALTH+GREEN","Fairness audit before financial AI deployment is both ethical and legal (RBI guidelines). 92% overall accuracy may hide 70% accuracy for women or rural borrowers."
APG11PCM_AIR_05,APTIPATH,V3,GRADE_11_12,PCM,AI_READINESS,MCQ,ANALYZE,"To cluster customer purchase data into natural segments WITHOUT predefined labels you would use:","Linear Regression","Decision Tree Classifier","K-Means Clustering","Logistic Regression","N/A","C",4,75,"CORRECT=ML_UNSUPERVISED+DATA_SCIENCE","HARD",FALSE,"BOOST_AI_READINESS","K-Means is unsupervised learning — no labels needed. It assigns data points to K clusters by minimizing intra-cluster distance. Used for customer segmentation."
APG11PCM_AIR_06,APTIPATH,V3,GRADE_11_12,PCM,AI_READINESS,MCQ,UNDERSTAND,"The Transformer architecture (used by GPT BERT T5 etc.) achieves superior NLP performance primarily through:","Processing words strictly one-by-one in sequence like RNNs","Self-Attention: computing relevance scores between ALL word pairs simultaneously enabling parallel processing","Convolutional filters applied across the token sequence","Random Forests with token-based features","N/A","B",5,90,"CORRECT=TRANSFORMER_ARCHITECTURE+AI_ENGINEER","HARD",FALSE,"BOOST_AI_READINESS","Self-Attention (Vaswani et al 2017): each token attends to every other token with a learned relevance score. Enables parallelism and long-range dependency capture."
APG11PCM_AIR_07,APTIPATH,V3,GRADE_11_12,PCM,AI_READINESS,SITUATIONAL,EVALUATE,"You deploy an AI diagnostic system for rural hospitals. The training data was from urban hospitals. The PRIMARY deployment risk is:","Rural hospitals have older and slower computers","The model may perform poorly on rural patients due to demographic health and disease pattern differences — data distribution shift","Rural doctors will not trust or accept AI recommendations","The system will be too expensive for rural hospital budgets","N/A","B",5,90,"A=HARDWARE;B=DISTRIBUTION_SHIFT;C=ADOPTION;D=COST","HARD",TRUE,"BOOST_AI_READINESS+HEALTH","Distribution shift: model trained on urban population data may fail on rural patients who have different demographics disease patterns nutrition and comorbidities."
APG11PCM_AIR_08,APTIPATH,V3,GRADE_11_12,PCM,AI_READINESS,MCQ,UNDERSTAND,"In a neural network an activation function such as ReLU or sigmoid is essential because it:","Initializes the random starting weights of the network","Introduces non-linearity allowing the network to learn complex non-linear patterns","Reduces the total number of network layers needed","Directly computes the final loss function value","N/A","B",4,60,"CORRECT=ACTIVATION_FUNCTION+AI_ENGINEER","HARD",FALSE,"BOOST_AI_READINESS","Without activation functions a deep network is just a series of linear transformations — equivalent to a single linear layer. Non-linearity is what enables deep learning."
APG11PCM_CR_01,APTIPATH,V3,GRADE_11_12,PCM,CAREER_REALITY,MCQ,REMEMBER,"JEE Advanced is the gateway specifically to:","All 31 NITs across India","All 23 IITs across India","All engineering colleges accepting JEE scores","BITS Pilani and BITS campuses","N/A","B",2,30,"CORRECT=JEE_PATHWAY_AWARE","EASY",FALSE,"BOOST_TECH+ENGINEERING","JEE Main → NITs IIITs GFTIs. JEE Advanced (top 2.5 lakh from JEE Main) → 23 IITs. These are entirely separate exams with different syllabus emphasis."
APG11PCM_CR_02,APTIPATH,V3,GRADE_11_12,PCM,CAREER_REALITY,SITUATIONAL,EVALUATE,"You get both IIT Kharagpur Mechanical Engineering and IIT Kanpur Computer Science. Your decision should be:","Always choose CS — it has the highest campus placement packages","Choose based on genuine interest: if you love machines manufacturing and energy systems choose Mech; if you love coding AI and software choose CS","Always choose the higher-ranked IIT regardless of the engineering branch","Choose based on which city — Kharagpur vs Kanpur — you prefer to live in","N/A","B",5,90,"A=PACKAGE_DRIVEN;B=BRANCH_INTEREST_ALIGNED;C=RANK_DRIVEN;D=LIFESTYLE","HARD",TRUE,"BOOST_CAREER_MATURITY","IIT Kanpur CSE and IIT Kharagpur are both world-class. The wrong branch for your interests will lead to poor performance and career dissatisfaction despite brand value."
APG11PCM_CR_03,APTIPATH,V3,GRADE_11_12,PCM,CAREER_REALITY,MCQ,UNDERSTAND,"GATE (Graduate Aptitude Test in Engineering) scores are primarily used for:","Admission to IIM MBA programs","MTech admission to IITs NITs and direct recruitment in PSUs like BHEL ONGC NTPC","UPSC Civil Services IAS exam","NEET PG for medical specialization","N/A","B",3,45,"CORRECT=GATE_PATHWAY_AWARE","MEDIUM",FALSE,"BOOST_ENGINEERING","GATE opens two paths: (1) MTech at IITs/NITs for research/specialization and (2) PSU recruitment (BHEL ONGC IOCL etc.) with Rs.9-15 LPA CTC."
APG11PCM_CR_04,APTIPATH,V3,GRADE_11_12,PCM,CAREER_REALITY,SITUATIONAL,EVALUATE,"IIT campus placement: Rs.25 LPA at a product company. Your friend gets MS admit at Carnegie Mellon (CMU) with Rs.20 lakh/year cost. Who has the better option?","The campus placement is clearly better — guaranteed immediate income","The CMU MS is clearly better — US degree always provides superior career ROI","It depends entirely on long-term goals: immediate earning → placement; global roles or research ambitions → MS","Both are exactly equivalent regardless of individual goals and circumstances","N/A","C",5,90,"A=INCOME_ONLY;B=DEGREE_BIAS;C=GOAL_BASED;D=OVERSIMPLIFIED","HARD",TRUE,"BOOST_CAREER_MATURITY","CMU ROI depends on career goal. US FAANG research roles often prefer MS/PhD. India product/startup roles strongly favor IIT brand. Goal first then evaluate."
APG11PCM_CR_05,APTIPATH,V3,GRADE_11_12,PCM,CAREER_REALITY,MCQ,UNDERSTAND,"The Prime Minister Research Fellowship (PMRF) is available to:","All undergraduate students regardless of institution","Top BTech graduates from IITs IISc and NITs pursuing PhD at IITs or IISc","International students studying in India","Students with GATE score above 700","N/A","B",3,45,"CORRECT=RESEARCH_FELLOWSHIP_AWARE","MEDIUM",FALSE,"BOOST_RESEARCH","PMRF provides Rs.70000-80000/month stipend for PhD students at IITs and IISc. It is India's most prestigious doctoral fellowship for engineering and science."
APG11PCM_CR_06,APTIPATH,V3,GRADE_11_12,PCM,CAREER_REALITY,SITUATIONAL,EVALUATE,"IIT placement statistics: 60% placed at Rs.20+ LPA. 15% went abroad for MS/PhD. 10% started companies. 15% went to research institutes. On a 20-year horizon which path has the highest potential wealth creation ceiling?","The Rs.20 LPA campus placement (guaranteed stable income)","The startup founders (10%) — highest risk but highest potential ceiling for wealth creation","The research institute path (lowest immediate salary but highest academic impact)","All paths converge to similar outcomes after 20 years","N/A","B",5,90,"A=STABLE_CEILING;B=STARTUP_CEILING;C=ACADEMIC;D=WRONG","HARD",TRUE,"BOOST_ENTREPRENEUR","Startup founders have the highest wealth creation ceiling (examples: Infosys Flipkart Zerodha founders are IITians) but also highest failure rate. Risk-adjusted returns vary."
APG11PCM_CR_07,APTIPATH,V3,GRADE_11_12,PCM,CAREER_REALITY,MCQ,UNDERSTAND,"Which of the following is NOT an academic fellowship or scholarship for higher studies in India?","Prime Minister Research Fellowship (PMRF)","KVPY Scholarship for basic science BS programs","Fulbright-Nehru Master's Fellowship for study in the USA","Forbes 30 Under 30 Asia recognition","N/A","D",3,45,"CORRECT=FELLOWSHIP_AWARENESS","MEDIUM",FALSE,"BOOST_ACADEMIC","Forbes 30U30 is a recognition/listicle not a scholarship or fellowship. PMRF KVPY and Fulbright are actual funded programs with monetary support."
APG11PCM_CR_08,APTIPATH,V3,GRADE_11_12,PCM,CAREER_REALITY,SITUATIONAL,EVALUATE,"6 months to JEE Advanced. Mock analysis: strong in Calculus and weak in Organic Chemistry. The BEST strategy is:","Study only Organic Chemistry for all available hours until it matches Calculus level","Dedicate 2.5h/day to Organic Chemistry plus 1.5h each for Physics and Maths plus weekly full-length mock tests with post-test analysis","Focus exclusively on strong areas to maximize comfortable high scores","Enroll in coaching for all three subjects and follow their schedule without personal optimization","N/A","B",5,90,"A=TUNNEL;B=STRATEGIC_REMEDIATION;C=STRENGTHS_ONLY;D=OUTSOURCE","HARD",TRUE,"BOOST_ANALYTICAL+EXAM_STRATEGY","Strategic remediation: weight weak subject heavily (Organic 2.5h) while maintaining other subjects and running weekly diagnostics. Evidence-based exam strategy."
APG11PCM_SF_01,APTIPATH,V3,GRADE_11_12,PCM,STEM_FOUNDATION,MCQ,APPLY,"A body of mass 2 kg is acted on by force F = 4t² N (t in seconds). Starting from rest the velocity at t=3 seconds is:","9 m/s","12 m/s","18 m/s","27 m/s","N/A","C",5,120,"CORRECT=PHYSICS_ADVANCED+PCM","HARD",FALSE,"BOOST_STEM+PCM","F=ma → a = F/m = 4t²/2 = 2t². v = ∫₀³ 2t² dt = [2t³/3]₀³ = 2(27)/3 = 18 m/s. Variable force integration is core to JEE Advanced mechanics."
APG11PCM_SF_02,APTIPATH,V3,GRADE_11_12,PCM,STEM_FOUNDATION,MCQ,UNDERSTAND,"In the electrolytic refining of copper which statement is CORRECT?","The anode is pure copper and cathode is the impure copper source","The anode is impure copper and the cathode progressively deposits pure copper","Both electrodes are made from pure copper of identical composition","Copper ions in solution do not migrate during the electrolysis process","N/A","B",4,75,"CORRECT=ELECTROCHEMISTRY+PCM","HARD",FALSE,"BOOST_CHEMISTRY","In electrolytic refining: impure metal = anode (dissolves) pure metal deposits at cathode. Impurities fall as anode mud. Critical for copper silver gold refining industry."
APG11PCM_SF_03,APTIPATH,V3,GRADE_11_12,PCM,STEM_FOUNDATION,MCQ,ANALYZE,"The angle between vectors A = (1,1,0) and B = (0,1,1) is:","30°","45°","60°","90°","N/A","C",5,90,"CORRECT=VECTOR_MATH+ENGINEERING","HARD",FALSE,"BOOST_STEM","A·B = 0+1+0 = 1. |A|=√2. |B|=√2. cos θ = 1/(√2×√2) = 1/2. θ = 60°. Dot product and vector angles are fundamental to 3D graphics robotics and physics."
APG11PCM_SF_04,APTIPATH,V3,GRADE_11_12,PCM,STEM_FOUNDATION,MCQ,ANALYZE,"In electrophilic addition of HBr to propene (CH₃-CH=CH₂) the MAJOR product by Markovnikov's rule is:","CH₃-CH₂-CH₂Br (1-bromopropane)","CH₃-CHBr-CH₃ (2-bromopropane)","BrCH₂-CH=CH₂","CH₃-CH=CHBr","N/A","B",5,90,"CORRECT=ORGANIC_CHEMISTRY+PCM","HARD",FALSE,"BOOST_CHEMISTRY+PCM","Markovnikov: H adds to carbon with more H atoms (CH₂-end) and Br to carbon with fewer H atoms (CH-center). Major product: 2-bromopropane. Core NEET/JEE organic."
APG11PCM_SF_05,APTIPATH,V3,GRADE_11_12,PCM,STEM_FOUNDATION,MCQ,ANALYZE,"Two waves with frequencies 200 Hz and 204 Hz are superimposed. The number of BEATS heard per second is:","2","4","204","8","N/A","B",4,75,"CORRECT=WAVE_PHYSICS+PCM","MEDIUM",FALSE,"BOOST_STEM+PHYSICS","Beat frequency = |f₁ - f₂| = |200 - 204| = 4 beats/second. Beat phenomenon is the interference of sound waves — fundamental to musical acoustics and sonar."
APG11PCM_SF_06,APTIPATH,V3,GRADE_11_12,PCM,STEM_FOUNDATION,MCQ,APPLY,"In a Zn-Cu electrochemical cell (Eᶿ=1.10V) if [Zn²⁺] is increased while [Cu²⁺] is kept constant the cell potential will:","Increase because Zn is being oxidized","Decrease because increasing product of oxidation shifts equilibrium","Remain unchanged — concentration does not affect standard cell potential","Become negative immediately","N/A","B",5,90,"CORRECT=NERNST_ELECTROCHEMISTRY+PCM","HARD",FALSE,"BOOST_CHEMISTRY","Nernst equation: E = Eᶿ - (RT/nF)ln Q. Increasing [Zn²⁺] increases Q (reaction quotient) → E decreases. Fundamental to battery and fuel cell engineering."
APG11PCM_SF_07,APTIPATH,V3,GRADE_11_12,PCM,STEM_FOUNDATION,FILL_BLANK,APPLY,"In a Geometric Progression (GP) with first term 3 and common ratio 2 the sum of the first 5 terms is ___","93","96","90","63","N/A","A",4,75,"CORRECT=GP_MATH+PCM","MEDIUM",FALSE,"BOOST_STEM","S₅ = a(rⁿ-1)/(r-1) = 3(2⁵-1)/(2-1) = 3×31 = 93. GP sums arise in compound interest population growth and exponential algorithm analysis."
APG11PCM_SF_08,APTIPATH,V3,GRADE_11_12,PCM,STEM_FOUNDATION,MCQ,ANALYZE,"In a Young's double-slit experiment the fringe width β = λD/d where λ=wavelength D=screen distance d=slit separation. If d is DOUBLED while λ and D remain constant the fringe width:","Doubles","Halves","Remains unchanged","Quadruples","N/A","B",5,90,"CORRECT=WAVE_OPTICS+PCM","HARD",FALSE,"BOOST_PHYSICS+PCM","β ∝ 1/d. If d doubles then β halves. Young's experiment is fundamental to wave optics and is a standard JEE Advanced topic requiring proportional reasoning."
APG11PCM_BF_01,APTIPATH,V3,GRADE_11_12,PCM,BIOLOGY_FOUNDATION,MCQ,UNDERSTAND,"CRISPR-Cas9 gene editing technology is primarily used to:","Sequence entire genomes rapidly at low cost","Edit specific DNA sequences in living organisms with high precision","Manufacture large quantities of proteins for pharmaceutical use","Detect viral RNA sequences in blood samples","N/A","B",3,60,"CORRECT=BIOTECH_AWARENESS+HEALTH_AI","MEDIUM",FALSE,"BOOST_BIOTECH","CRISPR-Cas9 (2020 Nobel Prize Chemistry) uses a guide RNA to direct Cas9 enzyme to cut specific DNA sequences. Enables precise genetic modification for therapy."
APG11PCM_BF_02,APTIPATH,V3,GRADE_11_12,PCM,BIOLOGY_FOUNDATION,MCQ,UNDERSTAND,"Which organ in the human body is responsible for secreting insulin to regulate blood glucose levels?","Liver","Kidney","Pancreas (islets of Langerhans)","Thyroid gland","N/A","C",3,45,"CORRECT=BIOLOGY_BASICS+HEALTH","MEDIUM",FALSE,"BOOST_HEALTH","Insulin is secreted by beta cells in the islets of Langerhans in the pancreas. Deficiency causes Type 1 diabetes; resistance causes Type 2 diabetes."
APG11PCM_BF_03,APTIPATH,V3,GRADE_11_12,PCM,BIOLOGY_FOUNDATION,MCQ,APPLY,"A neural network used to detect cancerous cells in pathology slide images is an example of:","Natural Language Processing (NLP)","Computer Vision applied to Medical Imaging — a Health AI application","Reinforcement Learning from human feedback","Generative Adversarial Networks (GANs)","N/A","B",3,60,"CORRECT=HEALTH_AI+TECH","MEDIUM",FALSE,"BOOST_HEALTH+AI","Computer vision + medical imaging = one of the highest-value Health AI applications. Used for cancer detection diabetic retinopathy and radiology interpretation."
APG11PCM_BF_04,APTIPATH,V3,GRADE_11_12,PCM,BIOLOGY_FOUNDATION,TRUE_FALSE,UNDERSTAND,"True or False: The human genome contains approximately 3 billion base pairs of DNA encoding around 20000-25000 protein-coding genes","True","False","N/A","N/A","N/A","A",3,30,"CORRECT=GENOMICS_AWARENESS","MEDIUM",FALSE,"BOOST_BIOTECH","TRUE — Human Genome Project (completed 2003): ~3.2 billion base pairs ~20000 protein-coding genes. The genome also contains non-coding regulatory sequences."
APG11PCM_GA_01,APTIPATH,V3,GRADE_11_12,PCM,GENERAL_AWARENESS,MCQ,UNDERSTAND,"India's Semiconductor Mission aims to:","Completely ban all semiconductor chip imports from Asia","Build domestic chip design and manufacturing capacity reducing India's dependence on Taiwan and China","Focus exclusively on software since India has no hardware manufacturing tradition","Train 2 million software engineers for semiconductor companies abroad","N/A","B",3,45,"CORRECT=TECH_POLICY_AWARE","MEDIUM",FALSE,"BOOST_TECH","India imports 85%+ of its semiconductors. The Semiconductor Mission (2021 Rs.76000cr incentive package) targets fabrication assembly and design ecosystem."
APG11PCM_GA_02,APTIPATH,V3,GRADE_11_12,PCM,GENERAL_AWARENESS,MCQ,UNDERSTAND,"India's fastest supercomputer PARAM Siddhi-AI (at C-DAC Pune) is primarily used for:","Storing government tax and aadhaar databases","Artificial intelligence research and high-performance scientific computing","Commercial video streaming and content delivery","Social media sentiment analysis","N/A","B",3,45,"CORRECT=HPC_AWARE+TECH","MEDIUM",FALSE,"BOOST_TECH+RESEARCH","PARAM Siddhi-AI (rank 63 in Top500 when launched) is used for AI research drug discovery climate modelling and quantum simulation at C-DAC Pune."
APG11PCM_GA_03,APTIPATH,V3,GRADE_11_12,PCM,GENERAL_AWARENESS,MCQ,REMEMBER,"The Nobel Prize in Physics 2024 was awarded to John Hopfield and Geoffrey Hinton for foundational discoveries enabling:","Quantum cryptography and quantum key distribution","Artificial neural networks and machine learning that underpin modern AI","CRISPR gene editing for targeted DNA modification","Detection of gravitational waves from black hole mergers","N/A","B",3,45,"CORRECT=AI_HISTORY+AWARE","MEDIUM",FALSE,"BOOST_AI_READINESS","Hopfield Networks (1982) introduced associative memory. Hinton's Boltzmann Machines and backpropagation enabled deep learning. 2024 Nobel recognized AI's physical science roots."
APG11PCM_GA_04,APTIPATH,V3,GRADE_11_12,PCM,GENERAL_AWARENESS,MCQ,UNDERSTAND,"A quantum computer differs fundamentally from a classical computer because it uses:","Faster versions of traditional silicon transistors","Qubits that exploit quantum superposition allowing simultaneous computation of multiple states","Cloud-based distributed server networks","Liquid nitrogen cooling for existing microprocessors","N/A","B",4,60,"CORRECT=QUANTUM_AWARE+TECH","HARD",FALSE,"BOOST_TECH","Qubits: unlike classical bits (0 OR 1) qubits can be in superposition of 0 AND 1 simultaneously. Entanglement enables exponential speedup for specific problems."
APG11PCM_GA_05,APTIPATH,V3,GRADE_11_12,PCM,GENERAL_AWARENESS,MCQ,UNDERSTAND,"India's Production Linked Incentive (PLI) scheme for electronics and semiconductors primarily aims to:","Increase India's imports of advanced electronics from Taiwan and South Korea","Attract domestic and foreign investment in electronics manufacturing creating India-based production capability","Subsidize consumer electronics purchases for Indian households below poverty line","Train technicians for electronics repair shops in tier-2 and tier-3 cities","N/A","B",3,45,"CORRECT=INDUSTRIAL_POLICY_AWARE","MEDIUM",FALSE,"BOOST_TECH+BUSINESS","PLI offers 4-6% production-linked cash incentive to eligible companies. Apple iPhone SAMSUNG and now semiconductor fabs are being attracted under this scheme."
APG11PCM_GA_06,APTIPATH,V3,GRADE_11_12,PCM,GENERAL_AWARENESS,MCQ,UNDERSTAND,"Using Large Language Models (LLMs) to accelerate drug molecule discovery and protein structure prediction in pharmaceutical research is best described as:","AI completely replacing human scientists in laboratories","AI-assisted scientific discovery — also called AI for Science — augmenting human research capacity","An illegal application of AI that violates research ethics","A data privacy violation requiring immediate regulatory action","N/A","B",4,60,"CORRECT=AI_SCIENCE_AWARE","HARD",FALSE,"BOOST_AI_READINESS+HEALTH","AlphaFold (DeepMind) predicted 200+ million protein structures. AI drug discovery (Insilico Medicine) compressed 4-year drug identification to 18 months."
