"course_id"	"course_name"	"subject_bucket"	"course_session_id"	"session_order"	"session_title"	"pdf_count"	"sample_pdf"	"question_count"	"active_question_count"
"156"	"Concise Chemistry Grade 10 - Exam Prep (ICSE)"	"CHEMISTRY"	"2085"	"1"	"Chapter 1: Periodic Table, Periodic Properties and Variations of Properties"	"1"	"selina-class-10-chemistry-chapter-1-periodic-table-periodic-properties-and-variations-of-properties"	"0"	"0"
"156"	"Concise Chemistry Grade 10 - Exam Prep (ICSE)"	"CHEMISTRY"	"2086"	"2"	"Chapter 2: Chemical Bonding"	"1"	"selina-class-10-chemistry-chapter-2-chemical-bonding"	"0"	"0"
"156"	"Concise Chemistry Grade 10 - Exam Prep (ICSE)"	"CHEMISTRY"	"2087"	"3"	"Chapter 3: Acids, Bases and Salts"	"1"	"selina-class-10-chemistry-chapter-3-acids-bases-and-salts"	"0"	"0"
"156"	"Concise Chemistry Grade 10 - Exam Prep (ICSE)"	"CHEMISTRY"	"2088"	"4"	"Chapter 4: Analytical Chemistry (Units of Ammonium Hydroxide and Sodium Hydroxide)"	"1"	"selina-class-10-chemistry-chapter-4-analytical-chemistry-units-of-ammonium-hydroxide-and-sodium-hydroxide"	"0"	"0"
"156"	"Concise Chemistry Grade 10 - Exam Prep (ICSE)"	"CHEMISTRY"	"2089"	"5"	"Chapter 5: Mole Concept and Stoichiometry"	"1"	"selina-class-10-chemistry-chapter-5-mole-concept-and-stoichiometry"	"0"	"0"
"156"	"Concise Chemistry Grade 10 - Exam Prep (ICSE)"	"CHEMISTRY"	"2090"	"6"	"Chapter 6: Electrolysis"	"1"	"selina-class-10-chemistry-chapter-6-electrolysis"	"0"	"0"
"156"	"Concise Chemistry Grade 10 - Exam Prep (ICSE)"	"CHEMISTRY"	"2091"	"7"	"Chapter 7: Metallurgy"	"1"	"selina-class-10-chemistry-chapter-7-metallurgy"	"0"	"0"
"156"	"Concise Chemistry Grade 10 - Exam Prep (ICSE)"	"CHEMISTRY"	"2092"	"8"	"Chapter 8: Study of Compounds ? Hydrogen Chloride"	"1"	"selina-class-10-chemistry-chapter-8-study-of-compounds-hydrogen-chloride"	"0"	"0"
"156"	"Concise Chemistry Grade 10 - Exam Prep (ICSE)"	"CHEMISTRY"	"2093"	"9"	"Chapter 9: Study of Compounds ? Ammonia"	"1"	"selina-class-10-chemistry-chapter-9-study-of-compounds-ammonia"	"0"	"0"
"156"	"Concise Chemistry Grade 10 - Exam Prep (ICSE)"	"CHEMISTRY"	"2094"	"10"	"Chapter 10: Study of Compounds ? Nitric Acid"	"1"	"selina-class-10-chemistry-chapter-10-study-of-compounds-nitric-acid"	"0"	"0"
"156"	"Concise Chemistry Grade 10 - Exam Prep (ICSE)"	"CHEMISTRY"	"2095"	"11"	"Chapter 11: Sulphuric Acid"	"1"	"selina-class-10-chemistry-chapter-11-sulphuric-acid"	"0"	"0"
"156"	"Concise Chemistry Grade 10 - Exam Prep (ICSE)"	"CHEMISTRY"	"2096"	"12"	"Chapter 12: Organic Chemistry"	"1"	"selina-class-10-chemistry-chapter-12-organic-chemistry"	"0"	"0"
"156"	"Concise Chemistry Grade 10 - Exam Prep (ICSE)"	"CHEMISTRY"	"2097"	"13"	"Chapter 13: Practical Work"	"1"	"selina-class-10-chemistry-chapter-13-practical-work"	"0"	"0"
"56"	"CBSE Grade 4 Hindi - Exam Prep"	"HINDI"	"838"	"1"	"Chapter 1: ?????? (?????)"	"1"	"1_tiranga_kavita.pdf"	"0"	"0"
"56"	"CBSE Grade 4 Hindi - Exam Prep"	"HINDI"	"839"	"2"	"Chapter 2: ????? ????? (?????)"	"1"	"2_anokha_uphaar_kahani.pdf"	"0"	"0"
"56"	"CBSE Grade 4 Hindi - Exam Prep"	"HINDI"	"840"	"3"	"Chapter 3: ??? ????? (??????)"	"1"	"3_daan_bhavna_lokkatha.pdf"	"0"	"0"
"56"	"CBSE Grade 4 Hindi - Exam Prep"	"HINDI"	"841"	"4"	"Chapter 4: ?? ???? ?????? ?? (?????????)"	"1"	"4_aaj_meri_chutti_hai_vartalap.pdf"	"0"	"0"
"56"	"CBSE Grade 4 Hindi - Exam Prep"	"HINDI"	"842"	"5"	"Chapter 5: ??? ?? ??? (?????)"	"1"	"5_kaua_aur_haar_kavita.pdf"	"0"	"0"
"56"	"CBSE Grade 4 Hindi - Exam Prep"	"HINDI"	"843"	"6"	"Chapter 6: ??? ???? (???????-???)"	"1"	"6_seb_gira_vigyan_katha.pdf"	"0"	"0"
"56"	"CBSE Grade 4 Hindi - Exam Prep"	"HINDI"	"844"	"7"	"Chapter 7: ???? ?? ????? (?????)"	"1"	"7_koyal_ki_awaz_kahani.pdf"	"0"	"0"
"56"	"CBSE Grade 4 Hindi - Exam Prep"	"HINDI"	"845"	"8"	"Chapter 8: ?????? ?? ????? ???? (?????)"	"1"	"8_duniya_ko_chamkaye_chand_kavita.pdf"	"0"	"0"
"56"	"CBSE Grade 4 Hindi - Exam Prep"	"HINDI"	"846"	"9"	"Chapter 9: ????? ??? ??? (????)"	"1"	"9_dekhkar_chalo_bhai_natak.pdf"	"0"	"0"
"56"	"CBSE Grade 4 Hindi - Exam Prep"	"HINDI"	"847"	"10"	"Chapter 10: ????? ?? ????? (????????)"	"1"	"10_patthar_ka_patthar_chitrakatha.pdf"	"0"	"0"
"56"	"CBSE Grade 4 Hindi - Exam Prep"	"HINDI"	"848"	"11"	"Chapter 11: ??? (?????)"	"1"	"11_onam_varnan.pdf"	"0"	"0"
"56"	"CBSE Grade 4 Hindi - Exam Prep"	"HINDI"	"849"	"12"	"Chapter 12: ?????? ?? ??? (?????)"	"1"	"12_patton_ke_khel_kavita.pdf"	"0"	"0"
"56"	"CBSE Grade 4 Hindi - Exam Prep"	"HINDI"	"850"	"13"	"Chapter 13: ???? ???????? ??????????? (????)"	"1"	"13_shankar_chitrakala_pratiyogita_patra.pdf"	"0"	"0"
"56"	"CBSE Grade 4 Hindi - Exam Prep"	"HINDI"	"851"	"14"	"Chapter 14: ????-???? (?????-??????)"	"1"	"14_bandarbant_kavya_natika.pdf"	"0"	"0"
"72"	"CBSE Grade 4 Hindi Language - Exam Prep"	"HINDI"	"1039"	"1"	"Chapter 1: ???? ?? (?????)"	"1"	"1_chalta_chal_kavita.pdf"	"0"	"0"
"72"	"CBSE Grade 4 Hindi Language - Exam Prep"	"HINDI"	"1040"	"2"	"Chapter 2: ????? ???? (?????? ??????)"	"1"	"2_sahasi_neelu_sahasik_prasang.pdf"	"0"	"0"
"72"	"CBSE Grade 4 Hindi Language - Exam Prep"	"HINDI"	"1041"	"3"	"Chapter 3: ???? ?? ????? (???? ??????)"	"1"	"3_bakri_ka_aparadh_rochak_prasang.pdf"	"0"	"0"
"72"	"CBSE Grade 4 Hindi Language - Exam Prep"	"HINDI"	"1042"	"4"	"Chapter 4: ???????? ???? (?????)"	"1"	"4_swacchata_mahaan_kavita.pdf"	"0"	"0"
"72"	"CBSE Grade 4 Hindi Language - Exam Prep"	"HINDI"	"1043"	"5"	"Chapter 5: ????? (?????)"	"1"	"5_uphaar_kahani.pdf"	"0"	"0"
"72"	"CBSE Grade 4 Hindi Language - Exam Prep"	"HINDI"	"1044"	"6"	"Chapter 6: ????? (?????)"	"1"	"6_eidgah_kahani.pdf"	"0"	"0"
"72"	"CBSE Grade 4 Hindi Language - Exam Prep"	"HINDI"	"1045"	"7"	"Chapter 7: ???? ?? ?????? (?????)"	"1"	"7_diye_ka_abimaan_kavita.pdf"	"0"	"0"
"72"	"CBSE Grade 4 Hindi Language - Exam Prep"	"HINDI"	"1046"	"8"	"Chapter 8: ????? ???? (?????)"	"1"	"8_sachcha_saboot_kahani.pdf"	"0"	"0"
"72"	"CBSE Grade 4 Hindi Language - Exam Prep"	"HINDI"	"1047"	"9"	"Chapter 9: ???? (?????)"	"1"	"9_jharna_kavita.pdf"	"0"	"0"
"72"	"CBSE Grade 4 Hindi Language - Exam Prep"	"HINDI"	"1048"	"10"	"Chapter 10: ???????? (????)"	"1"	"10_hidayatein_patra.pdf"	"0"	"0"
"72"	"CBSE Grade 4 Hindi Language - Exam Prep"	"HINDI"	"1049"	"11"	"Chapter 11: ???????? ?? ??? (??????)"	"1"	"11_mount_abu_ki_sair_paryatan.pdf"	"0"	"0"
"72"	"CBSE Grade 4 Hindi Language - Exam Prep"	"HINDI"	"1050"	"12"	"Chapter 12: ???? ?? ?????? (?????)"	"1"	"12_chand_ka_kutta_kavita.pdf"	"0"	"0"
"72"	"CBSE Grade 4 Hindi Language - Exam Prep"	"HINDI"	"1051"	"13"	"Chapter 13: ???????????? : ???? ??????? ??? ???????? ???????? (????????? ??????)"	"1"	"13_bhaskaracharya_mahan_ganitagya_vigyanik_prasang.pdf"	"0"	"0"
"72"	"CBSE Grade 4 Hindi Language - Exam Prep"	"HINDI"	"1052"	"14"	"Chapter 14: ?????? ??? (??? ???)"	"1"	"14_olympic_khel_khel_jagat.pdf"	"0"	"0"
"72"	"CBSE Grade 4 Hindi Language - Exam Prep"	"HINDI"	"1053"	"15"	"Chapter 15: ????? ?? ????? (?????)"	"1"	"15_gopal_ka_bagicha_kahani.pdf"	"0"	"0"
"72"	"CBSE Grade 4 Hindi Language - Exam Prep"	"HINDI"	"1054"	"16"	"Chapter 16: ???? ???? ??? ?????? (?????)"	"1"	"16_dharti_mata_geet_sunati_kavita.pdf"	"0"	"0"
"72"	"CBSE Grade 4 Hindi Language - Exam Prep"	"HINDI"	"1055"	"17"	"Chapter 17: ?????? ???? (?????)"	"1"	"17_sunehri_machhli_kahani.pdf"	"0"	"0"
"72"	"CBSE Grade 4 Hindi Language - Exam Prep"	"HINDI"	"1056"	"18"	"Chapter 18: ??????? ????? (?????)"	"1"	"18_abraham_lincoln_jeevani.pdf"	"0"	"0"
"33"	"CBSE Grade 4 Mathematics - Exam Prep"	"MATH"	"782"	"1"	"Chapter 1: Revision"	"1"	"33_1_revision.pdf"	"0"	"0"
"33"	"CBSE Grade 4 Mathematics - Exam Prep"	"MATH"	"783"	"2"	"Chapter 2: Roman Numerals"	"1"	"33_2_roman_numerals.pdf"	"0"	"0"
"33"	"CBSE Grade 4 Mathematics - Exam Prep"	"MATH"	"784"	"3"	"Chapter 3: Large Numbers"	"1"	"33_3_large_numbers.pdf"	"0"	"0"
"33"	"CBSE Grade 4 Mathematics - Exam Prep"	"MATH"	"785"	"4"	"Chapter 4: Addition of Numbers"	"1"	"33_4_addition_of_numbers.pdf"	"0"	"0"
"33"	"CBSE Grade 4 Mathematics - Exam Prep"	"MATH"	"786"	"5"	"Chapter 5: Subtraction of Numbers"	"1"	"33_5_subtraction_of_numbers.pdf"	"0"	"0"
"33"	"CBSE Grade 4 Mathematics - Exam Prep"	"MATH"	"787"	"6"	"Chapter 6: Multiplication of Numbers"	"1"	"33_6_multiplication_of_numbers.pdf"	"0"	"0"
"33"	"CBSE Grade 4 Mathematics - Exam Prep"	"MATH"	"788"	"7"	"Chapter 7: Division of Numbers"	"1"	"33_7_division_of_numbers.pdf"	"0"	"0"
"33"	"CBSE Grade 4 Mathematics - Exam Prep"	"MATH"	"789"	"8"	"Chapter 8: Multiples and Factors"	"1"	"33_8_multiples_and_factors.pdf"	"0"	"0"
"33"	"CBSE Grade 4 Mathematics - Exam Prep"	"MATH"	"790"	"9"	"Chapter 9: Highest Common Factor"	"1"	"33_9_highest_common_factor.pdf"	"0"	"0"
"33"	"CBSE Grade 4 Mathematics - Exam Prep"	"MATH"	"791"	"10"	"Chapter 10: Lowest Common Multiple"	"1"	"33_10_lowest_common_multiple.pdf"	"0"	"0"
"33"	"CBSE Grade 4 Mathematics - Exam Prep"	"MATH"	"792"	"11"	"Chapter 11: Fractional Numbers"	"1"	"33_11_fractional_numbers.pdf"	"0"	"0"
"33"	"CBSE Grade 4 Mathematics - Exam Prep"	"MATH"	"793"	"12"	"Chapter 12: Addition and Subtraction of Fractions"	"1"	"33_12_addition_and_subtraction_of_fractions.pdf"	"0"	"0"
"33"	"CBSE Grade 4 Mathematics - Exam Prep"	"MATH"	"794"	"13"	"Chapter 13: Multiplication and Division of Fractions"	"1"	"33_13_multiplication_and_division_of_fractions.pdf"	"0"	"0"
"33"	"CBSE Grade 4 Mathematics - Exam Prep"	"MATH"	"795"	"14"	"Chapter 14: Number Patterns"	"1"	"33_14_number_patterns.pdf"	"0"	"0"
"33"	"CBSE Grade 4 Mathematics - Exam Prep"	"MATH"	"796"	"15"	"Chapter 15: Decimals"	"1"	"33_15_decimals.pdf"	"0"	"0"
"33"	"CBSE Grade 4 Mathematics - Exam Prep"	"MATH"	"797"	"16"	"Chapter 16: Unitary Method"	"1"	"33_16_unitary_method.pdf"	"0"	"0"
"33"	"CBSE Grade 4 Mathematics - Exam Prep"	"MATH"	"798"	"17"	"Chapter 17: Measures of Length, Mass and Capacity"	"1"	"33_17_measures_of_length_mass_and_capacity.pdf"	"0"	"0"
"33"	"CBSE Grade 4 Mathematics - Exam Prep"	"MATH"	"799"	"18"	"Chapter 18: Time"	"1"	"33_18_time.pdf"	"0"	"0"
"33"	"CBSE Grade 4 Mathematics - Exam Prep"	"MATH"	"800"	"19"	"Chapter 19: Geometry"	"1"	"33_19_geometry.pdf"	"0"	"0"
"33"	"CBSE Grade 4 Mathematics - Exam Prep"	"MATH"	"801"	"20"	"Chapter 20: Perimeter"	"1"	"33_20_perimeter.pdf"	"0"	"0"
"33"	"CBSE Grade 4 Mathematics - Exam Prep"	"MATH"	"802"	"21"	"Chapter 21: Symmetry"	"1"	"33_21_symmetry.pdf"	"0"	"0"
"33"	"CBSE Grade 4 Mathematics - Exam Prep"	"MATH"	"803"	"22"	"Chapter 22: Pictorial Representation of Data"	"1"	"33_22_pictorial_representation_of_data.pdf"	"0"	"0"
"34"	"CBSE Grade 5 Mathematics - Exam Prep"	"MATH"	"1085"	"15"	"Mid-Term Exam Prep"	"5"	"mid_term_mock_paper_1.pdf"	"0"	"0"
"34"	"CBSE Grade 5 Mathematics - Exam Prep"	"MATH"	"1163"	"16"	"GIIS Mid-Term Exam Prep"	"4"	"giis_midterm_exam_prep_set1.pdf"	"0"	"0"
"35"	"CBSE Grade 6 Mathematics - Exam Prep"	"MATH"	"471"	"2"	"Session 1: Numbers"	"31"	"35_Exercise_1A_New_Practice_Set_1.pdf"	"0"	"0"
"35"	"CBSE Grade 6 Mathematics - Exam Prep"	"MATH"	"472"	"3"	"Session 2: Playing with Numbers"	"18"	"35_session_2_playing_with_numbers.pdf"	"0"	"0"
"35"	"CBSE Grade 6 Mathematics - Exam Prep"	"MATH"	"473"	"4"	"Session 3: HCF and LCM"	"1"	"35_session_3_hcf_and_lcm.pdf"	"0"	"0"
"35"	"CBSE Grade 6 Mathematics - Exam Prep"	"MATH"	"474"	"5"	"Session 4: Whole Numbers"	"1"	"35_session_4_whole_numbers.pdf"	"0"	"0"
"35"	"CBSE Grade 6 Mathematics - Exam Prep"	"MATH"	"475"	"6"	"Session 5: Integers"	"1"	"35_session_5_integers.pdf"	"0"	"0"
"35"	"CBSE Grade 6 Mathematics - Exam Prep"	"MATH"	"476"	"7"	"Session 6: Fractions"	"1"	"35_session_6_fractions.pdf"	"0"	"0"
"35"	"CBSE Grade 6 Mathematics - Exam Prep"	"MATH"	"477"	"8"	"Session 7: Decimals"	"1"	"35_session_7_decimals.pdf"	"0"	"0"
"35"	"CBSE Grade 6 Mathematics - Exam Prep"	"MATH"	"478"	"10"	"Session 8: Introduction to Algebra"	"1"	"35_session_8_introduction_to_algebra.pdf"	"0"	"0"
"35"	"CBSE Grade 6 Mathematics - Exam Prep"	"MATH"	"479"	"11"	"Session 9: Algebraic Equations"	"1"	"35_session_9_algebraic_equations.pdf"	"0"	"0"
"35"	"CBSE Grade 6 Mathematics - Exam Prep"	"MATH"	"480"	"13"	"Session 10: Ratio and Proportion"	"1"	"35_session_10_ratio_and_proportion.pdf"	"0"	"0"
"35"	"CBSE Grade 6 Mathematics - Exam Prep"	"MATH"	"481"	"15"	"Session 11: Basic Geometrical Ideas"	"1"	"35_session_11_basic_geometrical_ideas.pdf"	"0"	"0"
"35"	"CBSE Grade 6 Mathematics - Exam Prep"	"MATH"	"482"	"16"	"Session 12: Understanding Elementary Shapes"	"1"	"35_session_12_understanding_elementary_shapes.pdf"	"0"	"0"
"35"	"CBSE Grade 6 Mathematics - Exam Prep"	"MATH"	"483"	"17"	"Session 13: Three-Dimensional Shapes"	"1"	"35_session_13_three-dimensional_shapes.pdf"	"0"	"0"
"35"	"CBSE Grade 6 Mathematics - Exam Prep"	"MATH"	"484"	"18"	"Session 14: Constructions"	"1"	"35_session_14_constructions.pdf"	"0"	"0"
"35"	"CBSE Grade 6 Mathematics - Exam Prep"	"MATH"	"485"	"19"	"Session 15: Symmetry"	"1"	"35_session_15_symmetry.pdf"	"0"	"0"
"35"	"CBSE Grade 6 Mathematics - Exam Prep"	"MATH"	"486"	"21"	"Session 16: Perimeter and Area"	"1"	"35_session_16_perimeter_and_area.pdf"	"0"	"0"
"35"	"CBSE Grade 6 Mathematics - Exam Prep"	"MATH"	"487"	"23"	"Session 17: Data Handling"	"1"	"35_session_17_data_handling.pdf"	"0"	"0"
"35"	"CBSE Grade 6 Mathematics - Exam Prep"	"MATH"	"1103"	"24"	"Mid-Term Practice Sheets"	"3"	"mid_term_mock_paper_3.pdf"	"0"	"0"
"39"	"CBSE Grade 6 Mathematics (Living Maths) - Exam Prep"	"MATH"	"563"	"1"	"Chapter 1: Knowing our Numbers"	"13"	"39_1_knowing_our_numbers.pdf"	"0"	"0"
"39"	"CBSE Grade 6 Mathematics (Living Maths) - Exam Prep"	"MATH"	"564"	"2"	"Chapter 2: Whole Numbers"	"15"	"39_2_whole_numbers.pdf"	"0"	"0"
"39"	"CBSE Grade 6 Mathematics (Living Maths) - Exam Prep"	"MATH"	"565"	"3"	"Chapter 3: Playing with Numbers"	"19"	"39_3_playing_with_numbers.pdf"	"0"	"0"
"39"	"CBSE Grade 6 Mathematics (Living Maths) - Exam Prep"	"MATH"	"566"	"4"	"Chapter 4: Basic Geometrical Ideas"	"11"	"39_4_basic_geometrical_ideas.pdf"	"0"	"0"
"39"	"CBSE Grade 6 Mathematics (Living Maths) - Exam Prep"	"MATH"	"567"	"5"	"Chapter 5: Understanding Elementary Shapes"	"17"	"39_5_understanding_elementary_shapes.pdf"	"0"	"0"
"39"	"CBSE Grade 6 Mathematics (Living Maths) - Exam Prep"	"MATH"	"568"	"6"	"Chapter 6: Integers"	"7"	"39_6_integers.pdf"	"0"	"0"
"39"	"CBSE Grade 6 Mathematics (Living Maths) - Exam Prep"	"MATH"	"569"	"7"	"Chapter 7: Fractions"	"13"	"39_7_fractions.pdf"	"0"	"0"
"39"	"CBSE Grade 6 Mathematics (Living Maths) - Exam Prep"	"MATH"	"570"	"8"	"Chapter 8: Decimals"	"1"	"39_8_decimals.pdf"	"0"	"0"
"39"	"CBSE Grade 6 Mathematics (Living Maths) - Exam Prep"	"MATH"	"571"	"9"	"Chapter 9: Data Handling"	"1"	"39_9_data_handling.pdf"	"0"	"0"
"39"	"CBSE Grade 6 Mathematics (Living Maths) - Exam Prep"	"MATH"	"572"	"10"	"Chapter 10: Mensuration"	"1"	"39_10_mensuration.pdf"	"0"	"0"
"39"	"CBSE Grade 6 Mathematics (Living Maths) - Exam Prep"	"MATH"	"573"	"11"	"Chapter 11: Algebra"	"1"	"39_11_algebra.pdf"	"0"	"0"
"39"	"CBSE Grade 6 Mathematics (Living Maths) - Exam Prep"	"MATH"	"574"	"12"	"Chapter 12: Ratio and Proportion"	"1"	"39_12_ratio_and_proportion.pdf"	"0"	"0"
"43"	"CBSE Grade 6 Mathematics (RD Sharma) - Exam Prep"	"MATH"	"827"	"1"	"Chapter 1: Patterns in Mathematics"	"1"	"1_patterns_in_mathematics.pdf"	"0"	"0"
"43"	"CBSE Grade 6 Mathematics (RD Sharma) - Exam Prep"	"MATH"	"828"	"2"	"Chapter 2: Basic Geometrical Tools"	"1"	"2_basic_geometrical_tools.pdf"	"0"	"0"
"43"	"CBSE Grade 6 Mathematics (RD Sharma) - Exam Prep"	"MATH"	"829"	"3"	"Chapter 3: Lines and Angles"	"1"	"3_lines_and_angles.pdf"	"0"	"0"
"43"	"CBSE Grade 6 Mathematics (RD Sharma) - Exam Prep"	"MATH"	"830"	"4"	"Chapter 4: Number Play"	"1"	"4_number_play.pdf"	"0"	"0"
"43"	"CBSE Grade 6 Mathematics (RD Sharma) - Exam Prep"	"MATH"	"831"	"5"	"Chapter 5: Data Handling and Presentation"	"1"	"5_data_handling_and_presentation.pdf"	"0"	"0"
"43"	"CBSE Grade 6 Mathematics (RD Sharma) - Exam Prep"	"MATH"	"832"	"6"	"Chapter 6: Prime Times (Prime Numbers)"	"1"	"6_prime_times_prime_numbers.pdf"	"0"	"0"
"43"	"CBSE Grade 6 Mathematics (RD Sharma) - Exam Prep"	"MATH"	"833"	"7"	"Chapter 7: Perimeter and Area"	"1"	"7_perimeter_and_area.pdf"	"0"	"0"
"43"	"CBSE Grade 6 Mathematics (RD Sharma) - Exam Prep"	"MATH"	"834"	"8"	"Chapter 8: Fractions"	"1"	"8_fractions.pdf"	"0"	"0"
"43"	"CBSE Grade 6 Mathematics (RD Sharma) - Exam Prep"	"MATH"	"835"	"9"	"Chapter 9: Playing with Constructions"	"1"	"9_playing_with_constructions.pdf"	"0"	"0"
"43"	"CBSE Grade 6 Mathematics (RD Sharma) - Exam Prep"	"MATH"	"836"	"10"	"Chapter 10: Symmetry"	"1"	"10_symmetry.pdf"	"0"	"0"
"43"	"CBSE Grade 6 Mathematics (RD Sharma) - Exam Prep"	"MATH"	"837"	"11"	"Chapter 11: The Other Side of Zero (Integers)"	"1"	"11_the_other_side_of_zero_integers.pdf"	"0"	"0"
"43"	"CBSE Grade 6 Mathematics (RD Sharma) - Exam Prep"	"MATH"	"1849"	"12"	"Miscellaneous Session"	"1"	"miscellaneous_session.pdf"	"0"	"0"
"65"	"CBSE Grade 8 Mathematics - Exam Prep"	"MATH"	"934"	"1"	"Chapter 1: Rational Numbers"	"1"	"1_rational_numbers.pdf"	"0"	"0"
"65"	"CBSE Grade 8 Mathematics - Exam Prep"	"MATH"	"935"	"2"	"Chapter 2: Exponents"	"1"	"2_exponents.pdf"	"0"	"0"
"65"	"CBSE Grade 8 Mathematics - Exam Prep"	"MATH"	"936"	"3"	"Chapter 3: Squares and Square Roots"	"1"	"3_squares_and_square_roots.pdf"	"0"	"0"
"65"	"CBSE Grade 8 Mathematics - Exam Prep"	"MATH"	"937"	"4"	"Chapter 4: Cubes and Cube Roots"	"1"	"4_cubes_and_cube_roots.pdf"	"0"	"0"
"65"	"CBSE Grade 8 Mathematics - Exam Prep"	"MATH"	"938"	"5"	"Chapter 5: Playing with Numbers"	"1"	"5_playing_with_numbers.pdf"	"0"	"0"
"65"	"CBSE Grade 8 Mathematics - Exam Prep"	"MATH"	"939"	"6"	"Chapter 6: Operations on Algebraic Expressions"	"1"	"6_operations_on_algebraic_expressions.pdf"	"0"	"0"
"65"	"CBSE Grade 8 Mathematics - Exam Prep"	"MATH"	"940"	"7"	"Chapter 7: Factorisation"	"1"	"7_factorisation.pdf"	"0"	"0"
"65"	"CBSE Grade 8 Mathematics - Exam Prep"	"MATH"	"941"	"8"	"Chapter 8: Linear Equations"	"1"	"8_linear_equations.pdf"	"0"	"0"
"65"	"CBSE Grade 8 Mathematics - Exam Prep"	"MATH"	"942"	"9"	"Chapter 9: Percentage"	"1"	"9_percentage.pdf"	"0"	"0"
"65"	"CBSE Grade 8 Mathematics - Exam Prep"	"MATH"	"943"	"10"	"Chapter 10: Profit and Loss"	"1"	"10_profit_and_loss.pdf"	"0"	"0"
"65"	"CBSE Grade 8 Mathematics - Exam Prep"	"MATH"	"944"	"11"	"Chapter 11: Compound Interest"	"1"	"11_compound_interest.pdf"	"0"	"0"
"65"	"CBSE Grade 8 Mathematics - Exam Prep"	"MATH"	"945"	"12"	"Chapter 12: Direct and Inverse Proportions"	"1"	"12_direct_and_inverse_proportions.pdf"	"0"	"0"
"65"	"CBSE Grade 8 Mathematics - Exam Prep"	"MATH"	"946"	"13"	"Chapter 13: Time and Work"	"1"	"13_time_and_work.pdf"	"0"	"0"
"65"	"CBSE Grade 8 Mathematics - Exam Prep"	"MATH"	"947"	"14"	"Chapter 14: Polygons"	"1"	"14_polygons.pdf"	"0"	"0"
"65"	"CBSE Grade 8 Mathematics - Exam Prep"	"MATH"	"948"	"15"	"Chapter 15: Quadrilaterals"	"1"	"15_quadrilaterals.pdf"	"0"	"0"
"65"	"CBSE Grade 8 Mathematics - Exam Prep"	"MATH"	"949"	"16"	"Chapter 16: Parallelograms"	"1"	"16_parallelograms.pdf"	"0"	"0"
"65"	"CBSE Grade 8 Mathematics - Exam Prep"	"MATH"	"950"	"17"	"Chapter 17: Construction of Quadrilaterals"	"1"	"17_construction_of_quadrilaterals.pdf"	"0"	"0"
"65"	"CBSE Grade 8 Mathematics - Exam Prep"	"MATH"	"951"	"18"	"Chapter 18: Area of a Trapezium and a Polygon"	"1"	"18_area_of_a_trapezium_and_a_polygon.pdf"	"0"	"0"
"65"	"CBSE Grade 8 Mathematics - Exam Prep"	"MATH"	"952"	"19"	"Chapter 19: Three-Dimensional Figures"	"1"	"19_three_dimensional_figures.pdf"	"0"	"0"
"65"	"CBSE Grade 8 Mathematics - Exam Prep"	"MATH"	"953"	"20"	"Chapter 20: Volume and Surface Area of Solids"	"1"	"20_volume_and_surface_area_of_solids.pdf"	"0"	"0"
"65"	"CBSE Grade 8 Mathematics - Exam Prep"	"MATH"	"954"	"21"	"Chapter 21: Data Handling"	"1"	"21_data_handling.pdf"	"0"	"0"
"65"	"CBSE Grade 8 Mathematics - Exam Prep"	"MATH"	"955"	"22"	"Chapter 22: Introduction to Coordinate Geometry"	"1"	"22_introduction_to_coordinate_geometry.pdf"	"0"	"0"
"65"	"CBSE Grade 8 Mathematics - Exam Prep"	"MATH"	"956"	"23"	"Chapter 23: Line Graphs and Linear Graphs"	"1"	"23_line_graphs_and_linear_graphs.pdf"	"0"	"0"
"65"	"CBSE Grade 8 Mathematics - Exam Prep"	"MATH"	"957"	"24"	"Chapter 24: Pie Charts"	"1"	"24_pie_charts.pdf"	"0"	"0"
"65"	"CBSE Grade 8 Mathematics - Exam Prep"	"MATH"	"958"	"25"	"Chapter 25: Probability"	"1"	"25_probability.pdf"	"0"	"0"
"65"	"CBSE Grade 8 Mathematics - Exam Prep"	"MATH"	"959"	"26"	"Chapter 26: Activities"	"1"	"26_activities.pdf"	"0"	"0"
"65"	"CBSE Grade 8 Mathematics - Exam Prep"	"MATH"	"1848"	"27"	"Miscellaneous Session"	"1"	"miscellaneous_session.pdf"	"0"	"0"
"66"	"ICSE Mathematics Grade 5 - Exam Prep"	"MATH"	"1131"	"1"	"Chapter 1: Roman Numerals"	"1"	"1_roman_numerals.pdf"	"0"	"0"
"66"	"ICSE Mathematics Grade 5 - Exam Prep"	"MATH"	"1132"	"2"	"Chapter 2: Large Numbers"	"1"	"2_large_numbers.pdf"	"0"	"0"
"66"	"ICSE Mathematics Grade 5 - Exam Prep"	"MATH"	"1133"	"3"	"Chapter 3: Operations on Large Numbers"	"1"	"3_operations_on_large_numbers.pdf"	"0"	"0"
"66"	"ICSE Mathematics Grade 5 - Exam Prep"	"MATH"	"1134"	"4"	"Chapter 4: Fractions"	"1"	"4_fractions.pdf"	"0"	"0"
"66"	"ICSE Mathematics Grade 5 - Exam Prep"	"MATH"	"1135"	"5"	"Chapter 5: Decimals"	"1"	"5_decimals.pdf"	"0"	"0"
"66"	"ICSE Mathematics Grade 5 - Exam Prep"	"MATH"	"1136"	"6"	"Chapter 6: Integers"	"1"	"6_integers.pdf"	"0"	"0"
"66"	"ICSE Mathematics Grade 5 - Exam Prep"	"MATH"	"1137"	"7"	"Chapter 7: HCF and LCM"	"1"	"7_hcf_and_lcm.pdf"	"0"	"0"
"66"	"ICSE Mathematics Grade 5 - Exam Prep"	"MATH"	"1138"	"8"	"Chapter 8: Angles and Triangles"	"1"	"8_angles_and_triangles.pdf"	"0"	"0"
"66"	"ICSE Mathematics Grade 5 - Exam Prep"	"MATH"	"1139"	"9"	"Chapter 9: Symmetry and Nets"	"1"	"9_symmetry_and_nets.pdf"	"0"	"0"
"66"	"ICSE Mathematics Grade 5 - Exam Prep"	"MATH"	"1140"	"10"	"Chapter 10: Measurement - Length, Mass and Capacity"	"1"	"10_measurement_length_mass_capacity.pdf"	"0"	"0"
"66"	"ICSE Mathematics Grade 5 - Exam Prep"	"MATH"	"1141"	"11"	"Chapter 11: Perimeter and Area"	"1"	"11_perimeter_and_area.pdf"	"0"	"0"
"68"	"CBSE Grade 6 Math Divine"	"MATH"	"988"	"1"	"Chapter 1: Patterns in Mathematics"	"2"	"1_patterns_in_mathematics.pdf"	"0"	"0"
"68"	"CBSE Grade 6 Math Divine"	"MATH"	"1156"	"2"	"Chapter 2: Lines and Angles"	"1"	"2_lines_and_angles.pdf"	"0"	"0"
"68"	"CBSE Grade 6 Math Divine"	"MATH"	"1157"	"3"	"Chapter 3: Number Play"	"7"	"3_number_play.pdf"	"0"	"0"
"68"	"CBSE Grade 6 Math Divine"	"MATH"	"1158"	"4"	"Chapter 4: Data Handling and Presentation"	"5"	"4_data_handling_and_presentation.pdf"	"0"	"0"
"68"	"CBSE Grade 6 Math Divine"	"MATH"	"992"	"5"	"Chapter 5: Prime Time"	"2"	"5_data_handling_and_presentation.pdf"	"0"	"0"
"68"	"CBSE Grade 6 Math Divine"	"MATH"	"1159"	"6"	"Chapter 6: Perimeter and Area"	"1"	"6_perimeter_and_area.pdf"	"0"	"0"
"68"	"CBSE Grade 6 Math Divine"	"MATH"	"1160"	"7"	"Chapter 7: Fractions"	"1"	"7_fractions.pdf"	"0"	"0"
"68"	"CBSE Grade 6 Math Divine"	"MATH"	"1161"	"8"	"Chapter 8: Playing with Constructions"	"1"	"8_playing_with_constructions.pdf"	"0"	"0"
"68"	"CBSE Grade 6 Math Divine"	"MATH"	"1162"	"9"	"Chapter 9: Symmetry"	"1"	"9_symmetry.pdf"	"0"	"0"
"74"	"Grade 6 CBSE New Enjoying Mathematics"	"MATH"	"1086"	"1"	"Chapter 1: Numbers"	"1"	"1_numbers.pdf"	"0"	"0"
"74"	"Grade 6 CBSE New Enjoying Mathematics"	"MATH"	"1087"	"2"	"Chapter 2: Playing with Numbers"	"1"	"2_playing_with_numbers.pdf"	"0"	"0"
"74"	"Grade 6 CBSE New Enjoying Mathematics"	"MATH"	"1088"	"3"	"Chapter 3: HCF and LCM"	"1"	"3_hcf_and_lcm.pdf"	"0"	"0"
"74"	"Grade 6 CBSE New Enjoying Mathematics"	"MATH"	"1089"	"4"	"Chapter 4: Whole Numbers"	"1"	"4_whole_numbers.pdf"	"0"	"0"
"74"	"Grade 6 CBSE New Enjoying Mathematics"	"MATH"	"1090"	"5"	"Chapter 5: Integers"	"1"	"5_integers.pdf"	"0"	"0"
"74"	"Grade 6 CBSE New Enjoying Mathematics"	"MATH"	"1091"	"6"	"Chapter 6: Fractions"	"1"	"6_fractions.pdf"	"0"	"0"
"74"	"Grade 6 CBSE New Enjoying Mathematics"	"MATH"	"1092"	"7"	"Chapter 7: Decimals"	"1"	"7_decimals.pdf"	"0"	"0"
"74"	"Grade 6 CBSE New Enjoying Mathematics"	"MATH"	"1093"	"8"	"Chapter 8: Introduction to Algebra"	"1"	"8_introduction_to_algebra.pdf"	"0"	"0"
"74"	"Grade 6 CBSE New Enjoying Mathematics"	"MATH"	"1094"	"9"	"Chapter 9: Algebraic Equations"	"1"	"9_algebraic_equations.pdf"	"0"	"0"
"74"	"Grade 6 CBSE New Enjoying Mathematics"	"MATH"	"1095"	"10"	"Chapter 10: Ratio and Proportion"	"1"	"10_ratio_and_proportion.pdf"	"0"	"0"
"74"	"Grade 6 CBSE New Enjoying Mathematics"	"MATH"	"1096"	"11"	"Chapter 11: Basic Geometrical Ideas"	"1"	"11_basic_geometrical_ideas.pdf"	"0"	"0"
"74"	"Grade 6 CBSE New Enjoying Mathematics"	"MATH"	"1097"	"12"	"Chapter 12: Understanding Elementary Shapes"	"1"	"12_understanding_elementary_shapes.pdf"	"0"	"0"
"74"	"Grade 6 CBSE New Enjoying Mathematics"	"MATH"	"1098"	"13"	"Chapter 13: Three-Dimensional Shapes"	"1"	"13_three_dimensional_shapes.pdf"	"0"	"0"
"74"	"Grade 6 CBSE New Enjoying Mathematics"	"MATH"	"1099"	"14"	"Chapter 14: Constructions"	"1"	"14_constructions.pdf"	"0"	"0"
"74"	"Grade 6 CBSE New Enjoying Mathematics"	"MATH"	"1100"	"15"	"Chapter 15: Symmetry"	"1"	"15_symmetry.pdf"	"0"	"0"
"74"	"Grade 6 CBSE New Enjoying Mathematics"	"MATH"	"1101"	"16"	"Chapter 16: Perimeter and Area"	"1"	"16_perimeter_and_area.pdf"	"0"	"0"
"74"	"Grade 6 CBSE New Enjoying Mathematics"	"MATH"	"1102"	"17"	"Chapter 17: Data Handling"	"1"	"17_data_handling.pdf"	"0"	"0"
"149"	"CBSE Grade 7 Mathematics - Exam Prep"	"MATH"	"1975"	"1"	"Chapter 1: Integers"	"1"	"01_integers.pdf"	"0"	"0"
"149"	"CBSE Grade 7 Mathematics - Exam Prep"	"MATH"	"1976"	"2"	"Chapter 2: Fractions"	"1"	"02_fractions.pdf"	"0"	"0"
"149"	"CBSE Grade 7 Mathematics - Exam Prep"	"MATH"	"1977"	"3"	"Chapter 3: Decimals"	"1"	"03_decimals.pdf"	"0"	"0"
"149"	"CBSE Grade 7 Mathematics - Exam Prep"	"MATH"	"1978"	"4"	"Chapter 4: Rational Numbers"	"1"	"04_rational_numbers.pdf"	"0"	"0"
"149"	"CBSE Grade 7 Mathematics - Exam Prep"	"MATH"	"1979"	"5"	"Chapter 5: Exponents"	"1"	"05_exponents.pdf"	"0"	"0"
"149"	"CBSE Grade 7 Mathematics - Exam Prep"	"MATH"	"1980"	"6"	"Chapter 6: Algebraic Expressions"	"1"	"06_algebraic_expressions.pdf"	"0"	"0"
"149"	"CBSE Grade 7 Mathematics - Exam Prep"	"MATH"	"1981"	"7"	"Chapter 7: Linear Equations in One Variable"	"1"	"07_linear_equations_one_variable.pdf"	"0"	"0"
"149"	"CBSE Grade 7 Mathematics - Exam Prep"	"MATH"	"1982"	"8"	"Chapter 8: Ratio and Proportion"	"1"	"08_ratio_and_proportion.pdf"	"0"	"0"
"149"	"CBSE Grade 7 Mathematics - Exam Prep"	"MATH"	"1983"	"9"	"Chapter 9: Unitary Method"	"1"	"09_unitary_method.pdf"	"0"	"0"
"149"	"CBSE Grade 7 Mathematics - Exam Prep"	"MATH"	"1984"	"10"	"Chapter 10: Percentage"	"1"	"10_percentage.pdf"	"0"	"0"
"149"	"CBSE Grade 7 Mathematics - Exam Prep"	"MATH"	"1985"	"11"	"Chapter 11: Profit and Loss"	"1"	"11_profit_and_loss.pdf"	"0"	"0"
"149"	"CBSE Grade 7 Mathematics - Exam Prep"	"MATH"	"1986"	"12"	"Chapter 12: Simple Interest"	"1"	"12_simple_interest.pdf"	"0"	"0"
"149"	"CBSE Grade 7 Mathematics - Exam Prep"	"MATH"	"1987"	"13"	"Chapter 13: Lines and Angles"	"1"	"13_lines_and_angles.pdf"	"0"	"0"
"149"	"CBSE Grade 7 Mathematics - Exam Prep"	"MATH"	"1988"	"14"	"Chapter 14: Properties of Parallel Lines"	"1"	"14_properties_of_parallel_lines.pdf"	"0"	"0"
"149"	"CBSE Grade 7 Mathematics - Exam Prep"	"MATH"	"1989"	"15"	"Chapter 15: Properties of Triangles"	"1"	"15_properties_of_triangles.pdf"	"0"	"0"
"149"	"CBSE Grade 7 Mathematics - Exam Prep"	"MATH"	"1990"	"16"	"Chapter 16: Congruence"	"1"	"16_congruence.pdf"	"0"	"0"
"149"	"CBSE Grade 7 Mathematics - Exam Prep"	"MATH"	"1991"	"17"	"Chapter 17: Constructions"	"1"	"17_constructions.pdf"	"0"	"0"
"149"	"CBSE Grade 7 Mathematics - Exam Prep"	"MATH"	"1992"	"18"	"Chapter 18: Reflection and Rotational Symmetry"	"1"	"18_reflection_and_rotational_symmetry.pdf"	"0"	"0"
"149"	"CBSE Grade 7 Mathematics - Exam Prep"	"MATH"	"1993"	"19"	"Chapter 19: Three-Dimensional Shapes"	"1"	"19_three_dimensional_shapes.pdf"	"0"	"0"
"149"	"CBSE Grade 7 Mathematics - Exam Prep"	"MATH"	"1994"	"20"	"Chapter 20: Mensuration"	"1"	"20_mensuration.pdf"	"0"	"0"
"149"	"CBSE Grade 7 Mathematics - Exam Prep"	"MATH"	"1995"	"21"	"Chapter 21: Collection and Organisation of Data (Mean, Median and Mode)"	"1"	"21_collection_and_organisation_of_data.pdf"	"0"	"0"
"149"	"CBSE Grade 7 Mathematics - Exam Prep"	"MATH"	"1996"	"22"	"Chapter 22: Bar Graphs"	"1"	"22_bar_graphs.pdf"	"0"	"0"
"149"	"CBSE Grade 7 Mathematics - Exam Prep"	"MATH"	"1997"	"23"	"Chapter 23: Probability"	"1"	"23_probability.pdf"	"0"	"0"
"154"	"Concise Math Grade 10 - Exam Prep (ICSE)"	"MATH"	"2048"	"1"	"Chapter 1: Value Added Tax"	"1"	"chapter-1-value-added-tax.pdf"	"0"	"0"
"154"	"Concise Math Grade 10 - Exam Prep (ICSE)"	"MATH"	"2049"	"2"	"Chapter 2: Banking (Recurring Deposit Account)"	"1"	"chapter-2-banking-recurring-deposit-account.pdf"	"0"	"0"
"154"	"Concise Math Grade 10 - Exam Prep (ICSE)"	"MATH"	"2050"	"3"	"Chapter 3: Shares and Dividend"	"1"	"chapter-3-shares-and-dividend.pdf"	"0"	"0"
"154"	"Concise Math Grade 10 - Exam Prep (ICSE)"	"MATH"	"2051"	"4"	"Chapter 4: Linear Inequalities"	"1"	"chapter-4-linear-inequalities.pdf"	"0"	"0"
"154"	"Concise Math Grade 10 - Exam Prep (ICSE)"	"MATH"	"2052"	"5"	"Chapter 5: Quadratic Equations"	"1"	"chapter-5-quadratic-equations.pdf"	"0"	"0"
"154"	"Concise Math Grade 10 - Exam Prep (ICSE)"	"MATH"	"2053"	"6"	"Chapter 6: Solving (Simple) Problems (Based on Quadratic Equations)"	"1"	"chapter-6-solving-simple-problems-based-on-quadratic-equations.pdf"	"0"	"0"
"154"	"Concise Math Grade 10 - Exam Prep (ICSE)"	"MATH"	"2054"	"7"	"Chapter 7: Ratio and Proportion (Including Properties and Uses)"	"1"	"chapter-7-ratio-and-proportion.pdf"	"0"	"0"
"154"	"Concise Math Grade 10 - Exam Prep (ICSE)"	"MATH"	"2055"	"8"	"Chapter 8: Remainder and Factor Theorems"	"1"	"chapter-8-remainder-and-factor-theorems.pdf"	"0"	"0"
"154"	"Concise Math Grade 10 - Exam Prep (ICSE)"	"MATH"	"2056"	"9"	"Chapter 9: Matrices"	"1"	"chapter-9-matrices.pdf"	"0"	"0"
"154"	"Concise Math Grade 10 - Exam Prep (ICSE)"	"MATH"	"2057"	"10"	"Chapter 10: Arithmetic Progression"	"1"	"chapter-10-arithmetic-progression.pdf"	"0"	"0"
"154"	"Concise Math Grade 10 - Exam Prep (ICSE)"	"MATH"	"2058"	"11"	"Chapter 11: Geometric Progression"	"1"	"chapter-11-geometric-progression.pdf"	"0"	"0"
"154"	"Concise Math Grade 10 - Exam Prep (ICSE)"	"MATH"	"2059"	"12"	"Chapter 12: Reflection (Coordinate Geometry)"	"1"	"chapter-12-reflection-coordinate-geometry.pdf"	"0"	"0"
"154"	"Concise Math Grade 10 - Exam Prep (ICSE)"	"MATH"	"2060"	"13"	"Chapter 13: Section and Mid-Point Formula"	"1"	"chapter-13-section-and-mid-point-formula.pdf"	"0"	"0"
"154"	"Concise Math Grade 10 - Exam Prep (ICSE)"	"MATH"	"2061"	"14"	"Chapter 14: Equation of a Line"	"1"	"chapter-14-equation-of-a-line.pdf"	"0"	"0"
"154"	"Concise Math Grade 10 - Exam Prep (ICSE)"	"MATH"	"2062"	"15"	"Chapter 15: Similarity (With Applications to Maps and Models)"	"1"	"chapter-15-similarity-with-applications-to-maps-and-models.pdf"	"0"	"0"
"154"	"Concise Math Grade 10 - Exam Prep (ICSE)"	"MATH"	"2063"	"16"	"Chapter 16: Loci (Locus and Its Constructions)"	"1"	"chapter-16-loci-locus-and-its-constructions.pdf"	"0"	"0"
"154"	"Concise Math Grade 10 - Exam Prep (ICSE)"	"MATH"	"2064"	"17"	"Chapter 17: Circles"	"1"	"chapter-17-circles.pdf"	"0"	"0"
"154"	"Concise Math Grade 10 - Exam Prep (ICSE)"	"MATH"	"2065"	"18"	"Chapter 18: Tangents and Intersecting Chords"	"1"	"chapter-18-tangents-and-intersecting-chords.pdf"	"0"	"0"
"154"	"Concise Math Grade 10 - Exam Prep (ICSE)"	"MATH"	"2066"	"19"	"Chapter 19: Constructions (Circles)"	"1"	"chapter-19-constructions-circles.pdf"	"0"	"0"
"154"	"Concise Math Grade 10 - Exam Prep (ICSE)"	"MATH"	"2067"	"20"	"Chapter 20: Cylinder, Cone and Sphere (Surface Area and Volume)"	"1"	"chapter-20-cylinder-cone-and-sphere-surface-area-and-volume.pdf"	"0"	"0"
"154"	"Concise Math Grade 10 - Exam Prep (ICSE)"	"MATH"	"2068"	"21"	"Chapter 21: Trigonometrical Identities"	"1"	"chapter-21-trigonometrical-identities.pdf"	"0"	"0"
"154"	"Concise Math Grade 10 - Exam Prep (ICSE)"	"MATH"	"2069"	"22"	"Chapter 22: Heights and Distances"	"1"	"chapter-22-heights-and-distances.pdf"	"0"	"0"
"154"	"Concise Math Grade 10 - Exam Prep (ICSE)"	"MATH"	"2070"	"23"	"Chapter 23: Graphical Representation (Histograms, Frequency Polygon and Ogives)"	"1"	"chapter-23-graphical-representation.pdf"	"0"	"0"
"154"	"Concise Math Grade 10 - Exam Prep (ICSE)"	"MATH"	"2071"	"24"	"Chapter 24: Measures of Central Tendency (Mean, Median, Quartiles and Mode)"	"1"	"chapter-24-measures-of-central-tendency.pdf"	"0"	"0"
"154"	"Concise Math Grade 10 - Exam Prep (ICSE)"	"MATH"	"2072"	"25"	"Chapter 25: Probability"	"1"	"chapter-25-probability.pdf"	"0"	"0"
"155"	"Concise Physics Grade 10 - Exam Prep (ICSE)"	"PHYSICS"	"2073"	"1"	"Chapter 1: Force"	"1"	"selina-class-10-physics-chapter-1-force.pdf"	"0"	"0"
"155"	"Concise Physics Grade 10 - Exam Prep (ICSE)"	"PHYSICS"	"2074"	"2"	"Chapter 2: Work, Energy and Power"	"1"	"selina-class-10-physics-chapter-2-work-energy-and-power.pdf"	"0"	"0"
"155"	"Concise Physics Grade 10 - Exam Prep (ICSE)"	"PHYSICS"	"2075"	"3"	"Chapter 3: Machines"	"1"	"selina-class-10-physics-chapter-3-machines.pdf"	"0"	"0"
"155"	"Concise Physics Grade 10 - Exam Prep (ICSE)"	"PHYSICS"	"2076"	"4"	"Chapter 4: Refraction of Light at Plane Surfaces"	"1"	"selina-class-10-physics-chapter-4-refraction-of-light-at-plane-surfaces.pdf"	"0"	"0"
"155"	"Concise Physics Grade 10 - Exam Prep (ICSE)"	"PHYSICS"	"2077"	"5"	"Chapter 5: Refraction Through a Lens"	"1"	"selina-class-10-physics-chapter-5-refraction-through-a-lens.pdf"	"0"	"0"
"155"	"Concise Physics Grade 10 - Exam Prep (ICSE)"	"PHYSICS"	"2078"	"6"	"Chapter 6: Spectrum"	"1"	"selina-class-10-physics-chapter-6-spectrum.pdf"	"0"	"0"
"155"	"Concise Physics Grade 10 - Exam Prep (ICSE)"	"PHYSICS"	"2079"	"7"	"Chapter 7: Sound"	"1"	"selina-class-10-physics-chapter-7-sound.pdf"	"0"	"0"
"155"	"Concise Physics Grade 10 - Exam Prep (ICSE)"	"PHYSICS"	"2080"	"8"	"Chapter 8: Current Electricity"	"1"	"selina-class-10-physics-chapter-8-current-electricity.pdf"	"0"	"0"
"155"	"Concise Physics Grade 10 - Exam Prep (ICSE)"	"PHYSICS"	"2081"	"9"	"Chapter 9: Household Circuits"	"1"	"selina-class-10-physics-chapter-9-household-circuits.pdf"	"0"	"0"
"155"	"Concise Physics Grade 10 - Exam Prep (ICSE)"	"PHYSICS"	"2082"	"10"	"Chapter 10: Electro-magnetism"	"1"	"selina-class-10-physics-chapter-10-electro-magnetism.pdf"	"0"	"0"
"155"	"Concise Physics Grade 10 - Exam Prep (ICSE)"	"PHYSICS"	"2083"	"11"	"Chapter 11: Calorimetry"	"1"	"selina-class-10-physics-chapter-11-calorimetry.pdf"	"0"	"0"
"155"	"Concise Physics Grade 10 - Exam Prep (ICSE)"	"PHYSICS"	"2084"	"12"	"Chapter 12: Radioactivity"	"1"	"selina-class-10-physics-chapter-12-radioactivity.pdf"	"0"	"0"
"47"	"ICSE Science Grade 5 - Exam Prep"	"SCIENCE"	"1104"	"1"	"Chapter 1: Human Body - The Circulatory System"	"1"	"1_human_body_circulatory_system.pdf"	"0"	"0"
"47"	"ICSE Science Grade 5 - Exam Prep"	"SCIENCE"	"1105"	"2"	"Chapter 2: Human Body - The Skeletal System"	"1"	"2_human_body_skeletal_system.pdf"	"0"	"0"
"47"	"ICSE Science Grade 5 - Exam Prep"	"SCIENCE"	"1106"	"3"	"Chapter 3: Food and Health"	"1"	"3_food_and_health.pdf"	"0"	"0"
"47"	"ICSE Science Grade 5 - Exam Prep"	"SCIENCE"	"1107"	"4"	"Chapter 4: Pollination"	"1"	"4_pollination.pdf"	"0"	"0"
"47"	"ICSE Science Grade 5 - Exam Prep"	"SCIENCE"	"1108"	"5"	"Chapter 5: Plant Reproduction"	"1"	"5_plant_reproduction.pdf"	"0"	"0"
"47"	"ICSE Science Grade 5 - Exam Prep"	"SCIENCE"	"1109"	"6"	"Chapter 6: Solids, Liquids and Gases"	"1"	"6_solids_liquids_and_gases.pdf"	"0"	"0"
"47"	"ICSE Science Grade 5 - Exam Prep"	"SCIENCE"	"1110"	"7"	"Chapter 7: Interdependence in Living Beings - Plants and Animals"	"1"	"7_interdependence_plants_and_animals.pdf"	"0"	"0"
"47"	"ICSE Science Grade 5 - Exam Prep"	"SCIENCE"	"1111"	"8"	"Chapter 8: Sound and Noise"	"1"	"8_sound_and_noise.pdf"	"0"	"0"
"47"	"ICSE Science Grade 5 - Exam Prep"	"SCIENCE"	"1112"	"9"	"Chapter 9: Work and Energy"	"1"	"9_work_and_energy.pdf"	"0"	"0"
"47"	"ICSE Science Grade 5 - Exam Prep"	"SCIENCE"	"1113"	"10"	"Chapter 10: Light and Shadows"	"1"	"10_light_and_shadows.pdf"	"0"	"0"
"47"	"ICSE Science Grade 5 - Exam Prep"	"SCIENCE"	"1114"	"11"	"Chapter 11: Simple Machines"	"1"	"11_simple_machines.pdf"	"0"	"0"
"47"	"ICSE Science Grade 5 - Exam Prep"	"SCIENCE"	"1115"	"12"	"Chapter 12: Cleanliness and Hygiene"	"1"	"12_cleanliness_and_hygiene.pdf"	"0"	"0"
